2026-09-17 11:43:25,322 - apscheduler.scheduler - INFO - Adding job tentatively -- it will be properly scheduled when the scheduler starts
2026-09-17 11:43:25,323 - apscheduler.scheduler - INFO - Added job "Daily Document Check" to job store "default"
2026-09-17 11:43:25,323 - apscheduler.scheduler - INFO - Scheduler started
2026-09-17 11:43:25,323 - app.scheduler - INFO - Scheduler started successfully. Daily check scheduled for 9:00 AM.
2026-09-17 11:43:25,734 - app.main - INFO - Successful login for test@example.com
2026-09-17 11:43:25,735 - httpx - INFO - HTTP Request: POST http://testserver/login "HTTP/1.1 303 See Other"
2026-09-17 11:43:25,739 - httpx - INFO - HTTP Request: GET http://testserver/dashboard "HTTP/1.1 307 Temporary Redirect"
2026-09-17 11:43:25,770 - httpx - INFO - HTTP Request: GET http://testserver/login "HTTP/1.1 200 OK"
2026-09-17 11:43:25,771 - apscheduler.scheduler - INFO - Scheduler has been shut down
2026-09-17 11:43:25,771 - app.scheduler - INFO - Scheduler shutdown successfully
2026-09-17 11:43:47,690 - apscheduler.scheduler - INFO - Adding job tentatively -- it will be properly scheduled when the scheduler starts
2026-09-17 11:43:47,691 - apscheduler.scheduler - INFO - Added job "Daily Document Check" to job store "default"
2026-09-17 11:43:47,691 - apscheduler.scheduler - INFO - Scheduler started
2026-09-17 11:43:47,692 - app.scheduler - INFO - Scheduler started successfully. Daily check scheduled for 9:00 AM.
2026-09-17 11:43:48,096 - app.main - INFO - Successful login for test@example.com
2026-09-17 11:43:48,097 - httpx - INFO - HTTP Request: POST http://testserver/login "HTTP/1.1 303 See Other"
2026-09-17 11:43:48,117 - httpx - INFO - HTTP Request: GET http://testserver/dashboard "HTTP/1.1 200 OK"
2026-09-17 11:43:48,118 - apscheduler.scheduler - INFO - Scheduler has been shut down
2026-09-17 11:43:48,118 - app.scheduler - INFO - Scheduler shutdown successfully
2026-09-17 11:44:09,225 - apscheduler.scheduler - INFO - Adding job tentatively -- it will be properly scheduled when the scheduler starts
2026-09-17 11:44:09,225 - apscheduler.scheduler - INFO - Added job "Daily Document Check" to job store "default"
2026-09-17 11:44:09,226 - apscheduler.scheduler - INFO - Scheduler started
2026-09-17 11:44:09,226 - app.scheduler - INFO - Scheduler started successfully. Daily check scheduled for 9:00 AM.
2026-09-17 11:44:09,658 - app.main - INFO - Successful login for test@example.com
2026-09-17 11:44:09,659 - httpx - INFO - HTTP Request: POST http://testserver/login "HTTP/1.1 303 See Other"
2026-09-17 11:44:09,674 - httpx - INFO - HTTP Request: GET http://testserver/dashboard "HTTP/1.1 200 OK"
2026-09-17 11:44:09,675 - apscheduler.scheduler - INFO - Scheduler has been shut down
2026-09-17 11:44:09,675 - app.scheduler - INFO - Scheduler shutdown successfully
2026-09-17 11:44:09,865 - apscheduler.scheduler - INFO - Adding job tentatively -- it will be properly scheduled when the scheduler starts
2026-09-17 11:44:09,865 - apscheduler.scheduler - INFO - Added job "Daily Document Check" to job store "default"
2026-09-17 11:44:09,866 - apscheduler.scheduler - INFO - Scheduler started
2026-09-17 11:44:09,866 - app.scheduler - INFO - Scheduler started successfully. Daily check scheduled for 9:00 AM.
2026-09-17 11:44:10,322 - httpx - INFO - HTTP Request: POST http://testserver/login "HTTP/1.1 200 OK"
2026-09-17 11:44:10,323 - apscheduler.scheduler - INFO - Scheduler has been shut down
2026-09-17 11:44:10,323 - app.scheduler - INFO - Scheduler shutdown successfully
2026-09-17 11:44:10,490 - apscheduler.scheduler - INFO - Adding job tentatively -- it will be properly scheduled when the scheduler starts
2026-09-17 11:44:10,491 - apscheduler.scheduler - INFO - Added job "Daily Document Check" to job store "default"
2026-09-17 11:44:10,491 - apscheduler.scheduler - INFO - Scheduler started
2026-09-17 11:44:10,491 - app.scheduler - INFO - Scheduler started successfully. Daily check scheduled for 9:00 AM.
2026-09-17 11:44:10,494 - httpx - INFO - HTTP Request: POST http://testserver/login "HTTP/1.1 200 OK"
2026-09-17 11:44:10,495 - apscheduler.scheduler - INFO - Scheduler has been shut down
2026-09-17 11:44:10,495 - app.scheduler - INFO - Scheduler shutdown successfully
2026-09-17 11:44:10,684 - apscheduler.scheduler - INFO - Adding job tentatively -- it will be properly scheduled when the scheduler starts
2026-09-17 11:44:10,684 - apscheduler.scheduler - INFO - Added job "Daily Document Check" to job store "default"
2026-09-17 11:44:10,685 - apscheduler.scheduler - INFO - Scheduler started
2026-09-17 11:44:10,685 - app.scheduler - INFO - Scheduler started successfully. Daily check scheduled for 9:00 AM.
2026-09-17 11:44:11,080 - httpx - INFO - HTTP Request: POST http://testserver/login "HTTP/1.1 200 OK"
2026-09-17 11:44:11,081 - apscheduler.scheduler - INFO - Scheduler has been shut down
2026-09-17 11:44:11,081 - app.scheduler - INFO - Scheduler shutdown successfully
2026-09-17 11:44:11,269 - apscheduler.scheduler - INFO - Adding job tentatively -- it will be properly scheduled when the scheduler starts
2026-09-17 11:44:11,270 - apscheduler.scheduler - INFO - Added job "Daily Document Check" to job store "default"
2026-09-17 11:44:11,270 - apscheduler.scheduler - INFO - Scheduler started
2026-09-17 11:44:11,270 - app.scheduler - INFO - Scheduler started successfully. Daily check scheduled for 9:00 AM.
2026-09-17 11:44:11,660 - app.main - INFO - Successful login for test@example.com
2026-09-17 11:44:11,661 - httpx - INFO - HTTP Request: POST http://testserver/login "HTTP/1.1 303 See Other"
2026-09-17 11:44:11,663 - app.main - INFO - User logged out
2026-09-17 11:44:11,663 - httpx - INFO - HTTP Request: GET http://testserver/logout "HTTP/1.1 307 Temporary Redirect"
2026-09-17 11:44:11,723 - apscheduler.scheduler - INFO - Scheduler has been shut down
2026-09-17 11:44:11,724 - app.scheduler - INFO - Scheduler shutdown successfully
2026-09-17 11:44:11,910 - apscheduler.scheduler - INFO - Adding job tentatively -- it will be properly scheduled when the scheduler starts
2026-09-17 11:44:11,910 - apscheduler.scheduler - INFO - Added job "Daily Document Check" to job store "default"
2026-09-17 11:44:11,910 - apscheduler.scheduler - INFO - Scheduler started
2026-09-17 11:44:11,911 - app.scheduler - INFO - Scheduler started successfully. Daily check scheduled for 9:00 AM.
2026-09-17 11:44:11,912 - httpx - INFO - HTTP Request: GET http://testserver/dashboard "HTTP/1.1 307 Temporary Redirect"
2026-09-17 11:44:11,916 - apscheduler.scheduler - INFO - Scheduler has been shut down
2026-09-17 11:44:11,917 - app.scheduler - INFO - Scheduler shutdown successfully
2026-09-17 11:44:33,129 - apscheduler.scheduler - INFO - Adding job tentatively -- it will be properly scheduled when the scheduler starts
2026-09-17 11:44:33,130 - apscheduler.scheduler - INFO - Added job "Daily Document Check" to job store "default"
2026-09-17 11:44:33,130 - apscheduler.scheduler - INFO - Scheduler started
2026-09-17 11:44:33,130 - app.scheduler - INFO - Scheduler started successfully. Daily check scheduled for 9:00 AM.
2026-09-17 11:44:33,531 - app.main - INFO - Successful login for test@example.com
2026-09-17 11:44:33,532 - httpx - INFO - HTTP Request: POST http://testserver/login "HTTP/1.1 303 See Other"
2026-09-17 11:44:33,546 - httpx - INFO - HTTP Request: GET http://testserver/dashboard "HTTP/1.1 200 OK"
2026-09-17 11:44:33,548 - apscheduler.scheduler - INFO - Scheduler has been shut down
2026-09-17 11:44:33,548 - app.scheduler - INFO - Scheduler shutdown successfully
2026-09-17 11:44:33,716 - apscheduler.scheduler - INFO - Adding job tentatively -- it will be properly scheduled when the scheduler starts
2026-09-17 11:44:33,717 - apscheduler.scheduler - INFO - Added job "Daily Document Check" to job store "default"
2026-09-17 11:44:33,717 - apscheduler.scheduler - INFO - Scheduler started
2026-09-17 11:44:33,717 - app.scheduler - INFO - Scheduler started successfully. Daily check scheduled for 9:00 AM.
2026-09-17 11:44:34,127 - httpx - INFO - HTTP Request: POST http://testserver/login "HTTP/1.1 200 OK"
2026-09-17 11:44:34,128 - apscheduler.scheduler - INFO - Scheduler has been shut down
2026-09-17 11:44:34,128 - app.scheduler - INFO - Scheduler shutdown successfully
2026-09-17 11:44:34,300 - apscheduler.scheduler - INFO - Adding job tentatively -- it will be properly scheduled when the scheduler starts
2026-09-17 11:44:34,300 - apscheduler.scheduler - INFO - Added job "Daily Document Check" to job store "default"
2026-09-17 11:44:34,300 - apscheduler.scheduler - INFO - Scheduler started
2026-09-17 11:44:34,301 - app.scheduler - INFO - Scheduler started successfully. Daily check scheduled for 9:00 AM.
2026-09-17 11:44:34,304 - httpx - INFO - HTTP Request: POST http://testserver/login "HTTP/1.1 200 OK"
2026-09-17 11:44:34,305 - apscheduler.scheduler - INFO - Scheduler has been shut down
2026-09-17 11:44:34,305 - app.scheduler - INFO - Scheduler shutdown successfully
2026-09-17 11:44:34,488 - apscheduler.scheduler - INFO - Adding job tentatively -- it will be properly scheduled when the scheduler starts
2026-09-17 11:44:34,488 - apscheduler.scheduler - INFO - Added job "Daily Document Check" to job store "default"
2026-09-17 11:44:34,488 - apscheduler.scheduler - INFO - Scheduler started
2026-09-17 11:44:34,488 - app.scheduler - INFO - Scheduler started successfully. Daily check scheduled for 9:00 AM.
2026-09-17 11:44:34,879 - httpx - INFO - HTTP Request: POST http://testserver/login "HTTP/1.1 200 OK"
2026-09-17 11:44:34,880 - apscheduler.scheduler - INFO - Scheduler has been shut down
2026-09-17 11:44:34,880 - app.scheduler - INFO - Scheduler shutdown successfully
2026-09-17 11:44:35,045 - apscheduler.scheduler - INFO - Adding job tentatively -- it will be properly scheduled when the scheduler starts
2026-09-17 11:44:35,045 - apscheduler.scheduler - INFO - Added job "Daily Document Check" to job store "default"
2026-09-17 11:44:35,045 - apscheduler.scheduler - INFO - Scheduler started
2026-09-17 11:44:35,046 - app.scheduler - INFO - Scheduler started successfully. Daily check scheduled for 9:00 AM.
2026-09-17 11:44:35,439 - app.main - INFO - Successful login for test@example.com
2026-09-17 11:44:35,440 - httpx - INFO - HTTP Request: POST http://testserver/login "HTTP/1.1 303 See Other"
2026-09-17 11:44:35,444 - app.main - INFO - User logged out
2026-09-17 11:44:35,444 - httpx - INFO - HTTP Request: GET http://testserver/logout "HTTP/1.1 307 Temporary Redirect"
2026-09-17 11:44:35,445 - httpx - INFO - HTTP Request: GET http://testserver/dashboard "HTTP/1.1 307 Temporary Redirect"
2026-09-17 11:44:35,447 - apscheduler.scheduler - INFO - Scheduler has been shut down
2026-09-17 11:44:35,447 - app.scheduler - INFO - Scheduler shutdown successfully
2026-09-17 11:44:35,616 - apscheduler.scheduler - INFO - Adding job tentatively -- it will be properly scheduled when the scheduler starts
2026-09-17 11:44:35,616 - apscheduler.scheduler - INFO - Added job "Daily Document Check" to job store "default"
2026-09-17 11:44:35,616 - apscheduler.scheduler - INFO - Scheduler started
2026-09-17 11:44:35,617 - app.scheduler - INFO - Scheduler started successfully. Daily check scheduled for 9:00 AM.
2026-09-17 11:44:35,619 - httpx - INFO - HTTP Request: GET http://testserver/dashboard "HTTP/1.1 307 Temporary Redirect"
2026-09-17 11:44:35,620 - apscheduler.scheduler - INFO - Scheduler has been shut down
2026-09-17 11:44:35,620 - app.scheduler - INFO - Scheduler shutdown successfully
2026-09-17 11:45:06,217 - apscheduler.scheduler - INFO - Adding job tentatively -- it will be properly scheduled when the scheduler starts
2026-09-17 11:45:06,218 - apscheduler.scheduler - INFO - Added job "Daily Document Check" to job store "default"
2026-09-17 11:45:06,218 - apscheduler.scheduler - INFO - Scheduler started
2026-09-17 11:45:06,218 - app.scheduler - INFO - Scheduler started successfully. Daily check scheduled for 9:00 AM.
2026-09-17 11:45:06,624 - app.main - INFO - Successful login for staff_a@example.com
2026-09-17 11:45:06,625 - httpx - INFO - HTTP Request: POST http://testserver/login "HTTP/1.1 303 See Other"
2026-09-17 11:45:06,660 - httpx - INFO - HTTP Request: GET http://testserver/new-case "HTTP/1.1 200 OK"
2026-09-17 11:45:06,661 - apscheduler.scheduler - INFO - Scheduler has been shut down
2026-09-17 11:45:06,661 - app.scheduler - INFO - Scheduler shutdown successfully
2026-09-17 11:45:06,835 - apscheduler.scheduler - INFO - Adding job tentatively -- it will be properly scheduled when the scheduler starts
2026-09-17 11:45:06,836 - apscheduler.scheduler - INFO - Added job "Daily Document Check" to job store "default"
2026-09-17 11:45:06,836 - apscheduler.scheduler - INFO - Scheduler started
2026-09-17 11:45:06,837 - app.scheduler - INFO - Scheduler started successfully. Daily check scheduled for 9:00 AM.
2026-09-17 11:45:07,228 - app.main - INFO - Successful login for staff_a@example.com
2026-09-17 11:45:07,229 - httpx - INFO - HTTP Request: POST http://testserver/login "HTTP/1.1 303 See Other"
2026-09-17 11:45:07,264 - httpx - INFO - HTTP Request: GET http://testserver/case/1 "HTTP/1.1 200 OK"
2026-09-17 11:45:07,318 - apscheduler.scheduler - INFO - Scheduler has been shut down
2026-09-17 11:45:07,318 - app.scheduler - INFO - Scheduler shutdown successfully
2026-09-17 11:45:07,502 - apscheduler.scheduler - INFO - Adding job tentatively -- it will be properly scheduled when the scheduler starts
2026-09-17 11:45:07,503 - apscheduler.scheduler - INFO - Added job "Daily Document Check" to job store "default"
2026-09-17 11:45:07,503 - apscheduler.scheduler - INFO - Scheduler started
2026-09-17 11:45:07,503 - app.scheduler - INFO - Scheduler started successfully. Daily check scheduled for 9:00 AM.
2026-09-17 11:45:07,902 - app.main - INFO - Successful login for staff_a@example.com
2026-09-17 11:45:07,902 - httpx - INFO - HTTP Request: POST http://testserver/login "HTTP/1.1 303 See Other"
2026-09-17 11:45:07,919 - httpx - INFO - HTTP Request: POST http://testserver/new-case "HTTP/1.1 200 OK"
2026-09-17 11:45:07,920 - apscheduler.scheduler - INFO - Scheduler has been shut down
2026-09-17 11:45:07,920 - app.scheduler - INFO - Scheduler shutdown successfully
2026-09-17 11:45:08,087 - apscheduler.scheduler - INFO - Adding job tentatively -- it will be properly scheduled when the scheduler starts
2026-09-17 11:45:08,087 - apscheduler.scheduler - INFO - Added job "Daily Document Check" to job store "default"
2026-09-17 11:45:08,087 - apscheduler.scheduler - INFO - Scheduler started
2026-09-17 11:45:08,088 - app.scheduler - INFO - Scheduler started successfully. Daily check scheduled for 9:00 AM.
2026-09-17 11:45:08,476 - app.main - INFO - Successful login for staff_a@example.com
2026-09-17 11:45:08,476 - httpx - INFO - HTTP Request: POST http://testserver/login "HTTP/1.1 303 See Other"
2026-09-17 11:45:08,534 - httpx - INFO - HTTP Request: POST http://testserver/case/1/upload "HTTP/1.1 200 OK"
2026-09-17 11:45:08,535 - apscheduler.scheduler - INFO - Scheduler has been shut down
2026-09-17 11:45:08,535 - app.scheduler - INFO - Scheduler shutdown successfully
2026-09-17 11:45:08,702 - apscheduler.scheduler - INFO - Adding job tentatively -- it will be properly scheduled when the scheduler starts
2026-09-17 11:45:08,702 - apscheduler.scheduler - INFO - Added job "Daily Document Check" to job store "default"
2026-09-17 11:45:08,702 - apscheduler.scheduler - INFO - Scheduler started
2026-09-17 11:45:08,703 - app.scheduler - INFO - Scheduler started successfully. Daily check scheduled for 9:00 AM.
2026-09-17 11:45:09,092 - app.main - INFO - Successful login for staff_a@example.com
2026-09-17 11:45:09,092 - httpx - INFO - HTTP Request: POST http://testserver/login "HTTP/1.1 303 See Other"
2026-09-17 11:45:09,124 - app.core.exceptions - WARNING - HTTP Exception: 404 - Document not found
2026-09-17 11:45:09,124 - httpx - INFO - HTTP Request: GET http://testserver/documents/1/download "HTTP/1.1 404 Not Found"
2026-09-17 11:45:09,125 - apscheduler.scheduler - INFO - Scheduler has been shut down
2026-09-17 11:45:09,125 - app.scheduler - INFO - Scheduler shutdown successfully
2026-09-17 11:45:09,305 - apscheduler.scheduler - INFO - Adding job tentatively -- it will be properly scheduled when the scheduler starts
2026-09-17 11:45:09,305 - apscheduler.scheduler - INFO - Added job "Daily Document Check" to job store "default"
2026-09-17 11:45:09,306 - apscheduler.scheduler - INFO - Scheduler started
2026-09-17 11:45:09,306 - app.scheduler - INFO - Scheduler started successfully. Daily check scheduled for 9:00 AM.
2026-09-17 11:45:09,700 - app.main - INFO - Successful login for staff_a@example.com
2026-09-17 11:45:09,701 - httpx - INFO - HTTP Request: POST http://testserver/login "HTTP/1.1 303 See Other"
2026-09-17 11:45:09,750 - httpx - INFO - HTTP Request: GET http://testserver/dashboard "HTTP/1.1 200 OK"
2026-09-17 11:45:09,756 - apscheduler.scheduler - INFO - Scheduler has been shut down
2026-09-17 11:45:09,756 - app.scheduler - INFO - Scheduler shutdown successfully
2026-09-17 11:45:09,957 - apscheduler.scheduler - INFO - Adding job tentatively -- it will be properly scheduled when the scheduler starts
2026-09-17 11:45:09,957 - apscheduler.scheduler - INFO - Added job "Daily Document Check" to job store "default"
2026-09-17 11:45:09,957 - apscheduler.scheduler - INFO - Scheduler started
2026-09-17 11:45:09,957 - app.scheduler - INFO - Scheduler started successfully. Daily check scheduled for 9:00 AM.
2026-09-17 11:45:10,351 - app.main - INFO - Successful login for staff_a@example.com
2026-09-17 11:45:10,352 - httpx - INFO - HTTP Request: POST http://testserver/login "HTTP/1.1 303 See Other"
2026-09-17 11:45:10,369 - httpx - INFO - HTTP Request: GET http://testserver/analytics/case-volume "HTTP/1.1 200 OK"
2026-09-17 11:45:10,371 - apscheduler.scheduler - INFO - Scheduler has been shut down
2026-09-17 11:45:10,371 - app.scheduler - INFO - Scheduler shutdown successfully
2026-09-17 11:45:10,543 - apscheduler.scheduler - INFO - Adding job tentatively -- it will be properly scheduled when the scheduler starts
2026-09-17 11:45:10,543 - apscheduler.scheduler - INFO - Added job "Daily Document Check" to job store "default"
2026-09-17 11:45:10,543 - apscheduler.scheduler - INFO - Scheduler started
2026-09-17 11:45:10,543 - app.scheduler - INFO - Scheduler started successfully. Daily check scheduled for 9:00 AM.
2026-09-17 11:45:10,935 - app.main - INFO - Successful login for staff_a@example.com
2026-09-17 11:45:10,936 - httpx - INFO - HTTP Request: POST http://testserver/login "HTTP/1.1 303 See Other"
2026-09-17 11:45:10,969 - httpx - INFO - HTTP Request: POST http://testserver/reminders/1/approve "HTTP/1.1 307 Temporary Redirect"
2026-09-17 11:45:10,974 - apscheduler.scheduler - INFO - Scheduler has been shut down
2026-09-17 11:45:10,974 - app.scheduler - INFO - Scheduler shutdown successfully
2026-09-17 11:46:00,968 - apscheduler.scheduler - INFO - Adding job tentatively -- it will be properly scheduled when the scheduler starts
2026-09-17 11:46:00,969 - apscheduler.scheduler - INFO - Added job "Daily Document Check" to job store "default"
2026-09-17 11:46:00,969 - apscheduler.scheduler - INFO - Scheduler started
2026-09-17 11:46:00,969 - app.scheduler - INFO - Scheduler started successfully. Daily check scheduled for 9:00 AM.
2026-09-17 11:46:01,370 - app.main - INFO - Successful login for staff_a@example.com
2026-09-17 11:46:01,371 - httpx - INFO - HTTP Request: POST http://testserver/login "HTTP/1.1 303 See Other"
2026-09-17 11:46:01,397 - httpx - INFO - HTTP Request: GET http://testserver/new-case "HTTP/1.1 200 OK"
2026-09-17 11:46:01,398 - apscheduler.scheduler - INFO - Scheduler has been shut down
2026-09-17 11:46:01,399 - app.scheduler - INFO - Scheduler shutdown successfully
2026-09-17 11:46:01,578 - apscheduler.scheduler - INFO - Adding job tentatively -- it will be properly scheduled when the scheduler starts
2026-09-17 11:46:01,578 - apscheduler.scheduler - INFO - Added job "Daily Document Check" to job store "default"
2026-09-17 11:46:01,578 - apscheduler.scheduler - INFO - Scheduler started
2026-09-17 11:46:01,579 - app.scheduler - INFO - Scheduler started successfully. Daily check scheduled for 9:00 AM.
2026-09-17 11:46:01,973 - app.main - INFO - Successful login for staff_a@example.com
2026-09-17 11:46:01,974 - httpx - INFO - HTTP Request: POST http://testserver/login "HTTP/1.1 303 See Other"
2026-09-17 11:46:02,009 - httpx - INFO - HTTP Request: GET http://testserver/case/1 "HTTP/1.1 200 OK"
2026-09-17 11:46:02,010 - apscheduler.scheduler - INFO - Scheduler has been shut down
2026-09-17 11:46:02,010 - app.scheduler - INFO - Scheduler shutdown successfully
2026-09-17 11:46:02,178 - apscheduler.scheduler - INFO - Adding job tentatively -- it will be properly scheduled when the scheduler starts
2026-09-17 11:46:02,178 - apscheduler.scheduler - INFO - Added job "Daily Document Check" to job store "default"
2026-09-17 11:46:02,178 - apscheduler.scheduler - INFO - Scheduler started
2026-09-17 11:46:02,179 - app.scheduler - INFO - Scheduler started successfully. Daily check scheduled for 9:00 AM.
2026-09-17 11:46:02,573 - app.main - INFO - Successful login for staff_a@example.com
2026-09-17 11:46:02,575 - httpx - INFO - HTTP Request: POST http://testserver/login "HTTP/1.1 303 See Other"
2026-09-17 11:46:02,592 - httpx - INFO - HTTP Request: POST http://testserver/new-case "HTTP/1.1 200 OK"
2026-09-17 11:46:02,593 - apscheduler.scheduler - INFO - Scheduler has been shut down
2026-09-17 11:46:02,593 - app.scheduler - INFO - Scheduler shutdown successfully
2026-09-17 11:46:02,786 - apscheduler.scheduler - INFO - Adding job tentatively -- it will be properly scheduled when the scheduler starts
2026-09-17 11:46:02,786 - apscheduler.scheduler - INFO - Added job "Daily Document Check" to job store "default"
2026-09-17 11:46:02,786 - apscheduler.scheduler - INFO - Scheduler started
2026-09-17 11:46:02,786 - app.scheduler - INFO - Scheduler started successfully. Daily check scheduled for 9:00 AM.
2026-09-17 11:46:03,179 - app.main - INFO - Successful login for staff_a@example.com
2026-09-17 11:46:03,180 - httpx - INFO - HTTP Request: POST http://testserver/login "HTTP/1.1 303 See Other"
2026-09-17 11:46:03,227 - httpx - INFO - HTTP Request: POST http://testserver/case/1/upload "HTTP/1.1 200 OK"
2026-09-17 11:46:03,229 - apscheduler.scheduler - INFO - Scheduler has been shut down
2026-09-17 11:46:03,229 - app.scheduler - INFO - Scheduler shutdown successfully
2026-09-17 11:46:03,438 - apscheduler.scheduler - INFO - Adding job tentatively -- it will be properly scheduled when the scheduler starts
2026-09-17 11:46:03,438 - apscheduler.scheduler - INFO - Added job "Daily Document Check" to job store "default"
2026-09-17 11:46:03,438 - apscheduler.scheduler - INFO - Scheduler started
2026-09-17 11:46:03,438 - app.scheduler - INFO - Scheduler started successfully. Daily check scheduled for 9:00 AM.
2026-09-17 11:46:03,833 - app.main - INFO - Successful login for staff_a@example.com
2026-09-17 11:46:03,834 - httpx - INFO - HTTP Request: POST http://testserver/login "HTTP/1.1 303 See Other"
2026-09-17 11:46:03,866 - app.core.exceptions - WARNING - HTTP Exception: 404 - Document not found
2026-09-17 11:46:03,866 - httpx - INFO - HTTP Request: GET http://testserver/documents/1/download "HTTP/1.1 404 Not Found"
2026-09-17 11:46:03,868 - apscheduler.scheduler - INFO - Scheduler has been shut down
2026-09-17 11:46:03,868 - app.scheduler - INFO - Scheduler shutdown successfully
2026-09-17 11:46:04,047 - apscheduler.scheduler - INFO - Adding job tentatively -- it will be properly scheduled when the scheduler starts
2026-09-17 11:46:04,048 - apscheduler.scheduler - INFO - Added job "Daily Document Check" to job store "default"
2026-09-17 11:46:04,048 - apscheduler.scheduler - INFO - Scheduler started
2026-09-17 11:46:04,049 - app.scheduler - INFO - Scheduler started successfully. Daily check scheduled for 9:00 AM.
2026-09-17 11:46:04,439 - app.main - INFO - Successful login for staff_a@example.com
2026-09-17 11:46:04,439 - httpx - INFO - HTTP Request: POST http://testserver/login "HTTP/1.1 303 See Other"
2026-09-17 11:46:04,479 - httpx - INFO - HTTP Request: GET http://testserver/dashboard "HTTP/1.1 200 OK"
2026-09-17 11:46:04,481 - apscheduler.scheduler - INFO - Scheduler has been shut down
2026-09-17 11:46:04,481 - app.scheduler - INFO - Scheduler shutdown successfully
2026-09-17 11:46:04,678 - apscheduler.scheduler - INFO - Adding job tentatively -- it will be properly scheduled when the scheduler starts
2026-09-17 11:46:04,678 - apscheduler.scheduler - INFO - Added job "Daily Document Check" to job store "default"
2026-09-17 11:46:04,678 - apscheduler.scheduler - INFO - Scheduler started
2026-09-17 11:46:04,679 - app.scheduler - INFO - Scheduler started successfully. Daily check scheduled for 9:00 AM.
2026-09-17 11:46:05,069 - app.main - INFO - Successful login for staff_a@example.com
2026-09-17 11:46:05,070 - httpx - INFO - HTTP Request: POST http://testserver/login "HTTP/1.1 303 See Other"
2026-09-17 11:46:05,089 - httpx - INFO - HTTP Request: GET http://testserver/analytics/case-volume "HTTP/1.1 200 OK"
2026-09-17 11:46:05,090 - apscheduler.scheduler - INFO - Scheduler has been shut down
2026-09-17 11:46:05,090 - app.scheduler - INFO - Scheduler shutdown successfully
2026-09-17 11:46:05,262 - apscheduler.scheduler - INFO - Adding job tentatively -- it will be properly scheduled when the scheduler starts
2026-09-17 11:46:05,262 - apscheduler.scheduler - INFO - Added job "Daily Document Check" to job store "default"
2026-09-17 11:46:05,262 - apscheduler.scheduler - INFO - Scheduler started
2026-09-17 11:46:05,263 - app.scheduler - INFO - Scheduler started successfully. Daily check scheduled for 9:00 AM.
2026-09-17 11:46:05,659 - app.main - INFO - Successful login for staff_a@example.com
2026-09-17 11:46:05,660 - httpx - INFO - HTTP Request: POST http://testserver/login "HTTP/1.1 303 See Other"
2026-09-17 11:46:05,695 - httpx - INFO - HTTP Request: POST http://testserver/reminders/1/approve "HTTP/1.1 307 Temporary Redirect"
2026-09-17 11:46:05,697 - apscheduler.scheduler - INFO - Scheduler has been shut down
2026-09-17 11:46:05,697 - app.scheduler - INFO - Scheduler shutdown successfully
2026-09-17 11:46:22,921 - apscheduler.scheduler - INFO - Adding job tentatively -- it will be properly scheduled when the scheduler starts
2026-09-17 11:46:22,921 - apscheduler.scheduler - INFO - Added job "Daily Document Check" to job store "default"
2026-09-17 11:46:22,922 - apscheduler.scheduler - INFO - Scheduler started
2026-09-17 11:46:22,922 - app.scheduler - INFO - Scheduler started successfully. Daily check scheduled for 9:00 AM.
2026-09-17 11:46:23,325 - app.main - INFO - Successful login for test@example.com
2026-09-17 11:46:23,326 - httpx - INFO - HTTP Request: POST http://testserver/login "HTTP/1.1 303 See Other"
2026-09-17 11:46:23,347 - httpx - INFO - HTTP Request: POST http://testserver/new-case "HTTP/1.1 303 See Other"
2026-09-17 11:46:23,351 - apscheduler.scheduler - INFO - Scheduler has been shut down
2026-09-17 11:46:23,351 - app.scheduler - INFO - Scheduler shutdown successfully
2026-09-17 11:46:23,911 - apscheduler.scheduler - INFO - Adding job tentatively -- it will be properly scheduled when the scheduler starts
2026-09-17 11:46:23,911 - apscheduler.scheduler - INFO - Added job "Daily Document Check" to job store "default"
2026-09-17 11:46:23,911 - apscheduler.scheduler - INFO - Scheduler started
2026-09-17 11:46:23,912 - app.scheduler - INFO - Scheduler started successfully. Daily check scheduled for 9:00 AM.
2026-09-17 11:46:24,304 - app.main - INFO - Successful login for test@example.com
2026-09-17 11:46:24,305 - httpx - INFO - HTTP Request: POST http://testserver/login "HTTP/1.1 303 See Other"
2026-09-17 11:46:24,321 - httpx - INFO - HTTP Request: POST http://testserver/new-case "HTTP/1.1 303 See Other"
2026-09-17 11:46:24,331 - apscheduler.scheduler - INFO - Scheduler has been shut down
2026-09-17 11:46:24,331 - app.scheduler - INFO - Scheduler shutdown successfully
2026-09-17 11:46:41,540 - apscheduler.scheduler - INFO - Adding job tentatively -- it will be properly scheduled when the scheduler starts
2026-09-17 11:46:41,540 - apscheduler.scheduler - INFO - Added job "Daily Document Check" to job store "default"
2026-09-17 11:46:41,540 - apscheduler.scheduler - INFO - Scheduler started
2026-09-17 11:46:41,541 - app.scheduler - INFO - Scheduler started successfully. Daily check scheduled for 9:00 AM.
2026-09-17 11:46:41,951 - httpx - INFO - HTTP Request: POST http://testserver/login "HTTP/1.1 200 OK"
2026-09-17 11:46:42,145 - httpx - INFO - HTTP Request: POST http://testserver/login "HTTP/1.1 200 OK"
2026-09-17 11:46:42,337 - httpx - INFO - HTTP Request: POST http://testserver/login "HTTP/1.1 200 OK"
2026-09-17 11:46:42,535 - httpx - INFO - HTTP Request: POST http://testserver/login "HTTP/1.1 200 OK"
2026-09-17 11:46:42,723 - app.main - WARNING - Account locked for test@example.com after 5 failed login attempts
2026-09-17 11:46:42,730 - httpx - INFO - HTTP Request: POST http://testserver/login "HTTP/1.1 200 OK"
2026-09-17 11:46:42,734 - httpx - INFO - HTTP Request: POST http://testserver/login "HTTP/1.1 200 OK"
2026-09-17 11:46:42,735 - apscheduler.scheduler - INFO - Scheduler has been shut down
2026-09-17 11:46:42,735 - app.scheduler - INFO - Scheduler shutdown successfully
2026-09-17 11:46:42,887 - apscheduler.scheduler - INFO - Adding job tentatively -- it will be properly scheduled when the scheduler starts
2026-09-17 11:46:42,888 - apscheduler.scheduler - INFO - Added job "Daily Document Check" to job store "default"
2026-09-17 11:46:42,888 - apscheduler.scheduler - INFO - Scheduler started
2026-09-17 11:46:42,889 - app.scheduler - INFO - Scheduler started successfully. Daily check scheduled for 9:00 AM.
2026-09-17 11:46:43,285 - httpx - INFO - HTTP Request: POST http://testserver/login "HTTP/1.1 200 OK"
2026-09-17 11:46:43,488 - httpx - INFO - HTTP Request: POST http://testserver/login "HTTP/1.1 200 OK"
2026-09-17 11:46:43,683 - httpx - INFO - HTTP Request: POST http://testserver/login "HTTP/1.1 200 OK"
2026-09-17 11:46:43,876 - app.main - INFO - Successful login for test@example.com
2026-09-17 11:46:43,876 - httpx - INFO - HTTP Request: POST http://testserver/login "HTTP/1.1 303 See Other"
2026-09-17 11:46:43,878 - apscheduler.scheduler - INFO - Scheduler has been shut down
2026-09-17 11:46:43,878 - app.scheduler - INFO - Scheduler shutdown successfully
2026-09-17 11:46:44,054 - apscheduler.scheduler - INFO - Adding job tentatively -- it will be properly scheduled when the scheduler starts
2026-09-17 11:46:44,054 - apscheduler.scheduler - INFO - Added job "Daily Document Check" to job store "default"
2026-09-17 11:46:44,054 - apscheduler.scheduler - INFO - Scheduler started
2026-09-17 11:46:44,055 - app.scheduler - INFO - Scheduler started successfully. Daily check scheduled for 9:00 AM.
2026-09-17 11:46:44,261 - httpx - INFO - HTTP Request: POST http://testserver/login "HTTP/1.1 200 OK"
2026-09-17 11:46:44,262 - apscheduler.scheduler - INFO - Scheduler has been shut down
2026-09-17 11:46:44,262 - app.scheduler - INFO - Scheduler shutdown successfully
2026-09-17 11:46:44,424 - apscheduler.scheduler - INFO - Adding job tentatively -- it will be properly scheduled when the scheduler starts
2026-09-17 11:46:44,424 - apscheduler.scheduler - INFO - Added job "Daily Document Check" to job store "default"
2026-09-17 11:46:44,425 - apscheduler.scheduler - INFO - Scheduler started
2026-09-17 11:46:44,425 - app.scheduler - INFO - Scheduler started successfully. Daily check scheduled for 9:00 AM.
2026-09-17 11:46:44,828 - app.main - INFO - Successful login for test@example.com
2026-09-17 11:46:44,828 - httpx - INFO - HTTP Request: POST http://testserver/login "HTTP/1.1 303 See Other"
2026-09-17 11:46:44,830 - apscheduler.scheduler - INFO - Scheduler has been shut down
2026-09-17 11:46:44,830 - app.scheduler - INFO - Scheduler shutdown successfully
2026-09-17 11:47:09,530 - apscheduler.scheduler - INFO - Adding job tentatively -- it will be properly scheduled when the scheduler starts
2026-09-17 11:47:09,530 - apscheduler.scheduler - INFO - Added job "Daily Document Check" to job store "default"
2026-09-17 11:47:09,531 - apscheduler.scheduler - INFO - Scheduler started
2026-09-17 11:47:09,531 - app.scheduler - INFO - Scheduler started successfully. Daily check scheduled for 9:00 AM.
2026-09-17 11:47:09,536 - httpx - INFO - HTTP Request: GET http://testserver/forgot-password "HTTP/1.1 200 OK"
2026-09-17 11:47:09,539 - apscheduler.scheduler - INFO - Scheduler has been shut down
2026-09-17 11:47:09,539 - app.scheduler - INFO - Scheduler shutdown successfully
2026-09-17 11:47:09,726 - apscheduler.scheduler - INFO - Adding job tentatively -- it will be properly scheduled when the scheduler starts
2026-09-17 11:47:09,727 - apscheduler.scheduler - INFO - Added job "Daily Document Check" to job store "default"
2026-09-17 11:47:09,727 - apscheduler.scheduler - INFO - Scheduler started
2026-09-17 11:47:09,727 - app.scheduler - INFO - Scheduler started successfully. Daily check scheduled for 9:00 AM.
2026-09-17 11:47:10,757 - app.main - ERROR - Failed to send password reset email: API key is invalid
2026-09-17 11:47:10,759 - httpx - INFO - HTTP Request: POST http://testserver/forgot-password "HTTP/1.1 200 OK"
2026-09-17 11:47:10,761 - apscheduler.scheduler - INFO - Scheduler has been shut down
2026-09-17 11:47:10,761 - app.scheduler - INFO - Scheduler shutdown successfully
2026-09-17 11:47:10,943 - apscheduler.scheduler - INFO - Adding job tentatively -- it will be properly scheduled when the scheduler starts
2026-09-17 11:47:10,943 - apscheduler.scheduler - INFO - Added job "Daily Document Check" to job store "default"
2026-09-17 11:47:10,943 - apscheduler.scheduler - INFO - Scheduler started
2026-09-17 11:47:10,944 - app.scheduler - INFO - Scheduler started successfully. Daily check scheduled for 9:00 AM.
2026-09-17 11:47:10,947 - httpx - INFO - HTTP Request: POST http://testserver/forgot-password "HTTP/1.1 200 OK"
2026-09-17 11:47:10,948 - apscheduler.scheduler - INFO - Scheduler has been shut down
2026-09-17 11:47:10,948 - app.scheduler - INFO - Scheduler shutdown successfully
2026-09-17 11:47:11,192 - apscheduler.scheduler - INFO - Adding job tentatively -- it will be properly scheduled when the scheduler starts
2026-09-17 11:47:11,192 - apscheduler.scheduler - INFO - Added job "Daily Document Check" to job store "default"
2026-09-17 11:47:11,193 - apscheduler.scheduler - INFO - Scheduler started
2026-09-17 11:47:11,193 - app.scheduler - INFO - Scheduler started successfully. Daily check scheduled for 9:00 AM.
2026-09-17 11:47:11,599 - app.main - INFO - Password reset successful for test@example.com
2026-09-17 11:47:11,602 - httpx - INFO - HTTP Request: POST http://testserver/reset-password "HTTP/1.1 200 OK"
2026-09-17 11:47:11,661 - apscheduler.scheduler - INFO - Scheduler has been shut down
2026-09-17 11:47:11,661 - app.scheduler - INFO - Scheduler shutdown successfully
2026-09-17 11:47:11,839 - apscheduler.scheduler - INFO - Adding job tentatively -- it will be properly scheduled when the scheduler starts
2026-09-17 11:47:11,839 - apscheduler.scheduler - INFO - Added job "Daily Document Check" to job store "default"
2026-09-17 11:47:11,840 - apscheduler.scheduler - INFO - Scheduler started
2026-09-17 11:47:11,841 - app.scheduler - INFO - Scheduler started successfully. Daily check scheduled for 9:00 AM.
2026-09-17 11:47:12,052 - httpx - INFO - HTTP Request: POST http://testserver/reset-password "HTTP/1.1 200 OK"
2026-09-17 11:47:12,053 - apscheduler.scheduler - INFO - Scheduler has been shut down
2026-09-17 11:47:12,053 - app.scheduler - INFO - Scheduler shutdown successfully
2026-09-17 11:47:12,229 - apscheduler.scheduler - INFO - Adding job tentatively -- it will be properly scheduled when the scheduler starts
2026-09-17 11:47:12,229 - apscheduler.scheduler - INFO - Added job "Daily Document Check" to job store "default"
2026-09-17 11:47:12,229 - apscheduler.scheduler - INFO - Scheduler started
2026-09-17 11:47:12,230 - app.scheduler - INFO - Scheduler started successfully. Daily check scheduled for 9:00 AM.
2026-09-17 11:47:12,440 - httpx - INFO - HTTP Request: POST http://testserver/reset-password "HTTP/1.1 200 OK"
2026-09-17 11:47:12,441 - apscheduler.scheduler - INFO - Scheduler has been shut down
2026-09-17 11:47:12,442 - app.scheduler - INFO - Scheduler shutdown successfully
2026-09-17 11:47:12,609 - apscheduler.scheduler - INFO - Adding job tentatively -- it will be properly scheduled when the scheduler starts
2026-09-17 11:47:12,609 - apscheduler.scheduler - INFO - Added job "Daily Document Check" to job store "default"
2026-09-17 11:47:12,609 - apscheduler.scheduler - INFO - Scheduler started
2026-09-17 11:47:12,610 - app.scheduler - INFO - Scheduler started successfully. Daily check scheduled for 9:00 AM.
2026-09-17 11:47:13,017 - app.main - INFO - Password reset successful for test@example.com
2026-09-17 11:47:13,018 - httpx - INFO - HTTP Request: POST http://testserver/reset-password "HTTP/1.1 200 OK"
2026-09-17 11:47:13,212 - app.main - INFO - Successful login for test@example.com
2026-09-17 11:47:13,213 - httpx - INFO - HTTP Request: POST http://testserver/login "HTTP/1.1 303 See Other"
2026-09-17 11:47:13,214 - apscheduler.scheduler - INFO - Scheduler has been shut down
2026-09-17 11:47:13,214 - app.scheduler - INFO - Scheduler shutdown successfully
2026-09-17 11:49:29,866 - apscheduler.scheduler - INFO - Adding job tentatively -- it will be properly scheduled when the scheduler starts
2026-09-17 11:49:29,867 - apscheduler.scheduler - INFO - Added job "Daily Document Check" to job store "default"
2026-09-17 11:49:29,867 - apscheduler.scheduler - INFO - Scheduler started
2026-09-17 11:49:29,867 - app.scheduler - INFO - Scheduler started successfully. Daily check scheduled for 9:00 AM.
2026-09-17 11:49:30,295 - app.main - INFO - Password reset successful for test@example.com
2026-09-17 11:49:30,317 - httpx - INFO - HTTP Request: POST http://testserver/reset-password "HTTP/1.1 200 OK"
2026-09-17 11:49:30,514 - apscheduler.scheduler - INFO - Scheduler has been shut down
2026-09-17 11:49:30,515 - app.scheduler - INFO - Scheduler shutdown successfully
2026-09-17 11:49:48,169 - apscheduler.scheduler - INFO - Adding job tentatively -- it will be properly scheduled when the scheduler starts
2026-09-17 11:49:48,169 - apscheduler.scheduler - INFO - Added job "Daily Document Check" to job store "default"
2026-09-17 11:49:48,170 - apscheduler.scheduler - INFO - Scheduler started
2026-09-17 11:49:48,170 - app.scheduler - INFO - Scheduler started successfully. Daily check scheduled for 9:00 AM.
2026-09-17 11:49:48,183 - httpx - INFO - HTTP Request: GET http://testserver/forgot-password "HTTP/1.1 200 OK"
2026-09-17 11:49:48,184 - apscheduler.scheduler - INFO - Scheduler has been shut down
2026-09-17 11:49:48,184 - app.scheduler - INFO - Scheduler shutdown successfully
2026-09-17 11:49:48,376 - apscheduler.scheduler - INFO - Adding job tentatively -- it will be properly scheduled when the scheduler starts
2026-09-17 11:49:48,377 - apscheduler.scheduler - INFO - Added job "Daily Document Check" to job store "default"
2026-09-17 11:49:48,377 - apscheduler.scheduler - INFO - Scheduler started
2026-09-17 11:49:48,377 - app.scheduler - INFO - Scheduler started successfully. Daily check scheduled for 9:00 AM.
2026-09-17 11:49:51,294 - app.main - ERROR - Failed to send password reset email: API key is invalid
2026-09-17 11:49:51,295 - httpx - INFO - HTTP Request: POST http://testserver/forgot-password "HTTP/1.1 200 OK"
2026-09-17 11:49:51,296 - apscheduler.scheduler - INFO - Scheduler has been shut down
2026-09-17 11:49:51,296 - app.scheduler - INFO - Scheduler shutdown successfully
2026-09-17 11:49:51,464 - apscheduler.scheduler - INFO - Adding job tentatively -- it will be properly scheduled when the scheduler starts
2026-09-17 11:49:51,464 - apscheduler.scheduler - INFO - Added job "Daily Document Check" to job store "default"
2026-09-17 11:49:51,464 - apscheduler.scheduler - INFO - Scheduler started
2026-09-17 11:49:51,465 - app.scheduler - INFO - Scheduler started successfully. Daily check scheduled for 9:00 AM.
2026-09-17 11:49:51,470 - httpx - INFO - HTTP Request: POST http://testserver/forgot-password "HTTP/1.1 200 OK"
2026-09-17 11:49:51,471 - apscheduler.scheduler - INFO - Scheduler has been shut down
2026-09-17 11:49:51,471 - app.scheduler - INFO - Scheduler shutdown successfully
2026-09-17 11:49:51,644 - apscheduler.scheduler - INFO - Adding job tentatively -- it will be properly scheduled when the scheduler starts
2026-09-17 11:49:51,644 - apscheduler.scheduler - INFO - Added job "Daily Document Check" to job store "default"
2026-09-17 11:49:51,644 - apscheduler.scheduler - INFO - Scheduler started
2026-09-17 11:49:51,645 - app.scheduler - INFO - Scheduler started successfully. Daily check scheduled for 9:00 AM.
2026-09-17 11:49:52,075 - app.main - INFO - Password reset successful for test@example.com
2026-09-17 11:49:52,077 - httpx - INFO - HTTP Request: POST http://testserver/reset-password "HTTP/1.1 200 OK"
2026-09-17 11:49:52,262 - apscheduler.scheduler - INFO - Scheduler has been shut down
2026-09-17 11:49:52,263 - app.scheduler - INFO - Scheduler shutdown successfully
2026-09-17 11:49:52,489 - apscheduler.scheduler - INFO - Adding job tentatively -- it will be properly scheduled when the scheduler starts
2026-09-17 11:49:52,490 - apscheduler.scheduler - INFO - Added job "Daily Document Check" to job store "default"
2026-09-17 11:49:52,490 - apscheduler.scheduler - INFO - Scheduler started
2026-09-17 11:49:52,490 - app.scheduler - INFO - Scheduler started successfully. Daily check scheduled for 9:00 AM.
2026-09-17 11:49:52,715 - httpx - INFO - HTTP Request: POST http://testserver/reset-password "HTTP/1.1 200 OK"
2026-09-17 11:49:52,716 - apscheduler.scheduler - INFO - Scheduler has been shut down
2026-09-17 11:49:52,716 - app.scheduler - INFO - Scheduler shutdown successfully
2026-09-17 11:49:52,894 - apscheduler.scheduler - INFO - Adding job tentatively -- it will be properly scheduled when the scheduler starts
2026-09-17 11:49:52,894 - apscheduler.scheduler - INFO - Added job "Daily Document Check" to job store "default"
2026-09-17 11:49:52,894 - apscheduler.scheduler - INFO - Scheduler started
2026-09-17 11:49:52,895 - app.scheduler - INFO - Scheduler started successfully. Daily check scheduled for 9:00 AM.
2026-09-17 11:49:53,115 - httpx - INFO - HTTP Request: POST http://testserver/reset-password "HTTP/1.1 200 OK"
2026-09-17 11:49:53,116 - apscheduler.scheduler - INFO - Scheduler has been shut down
2026-09-17 11:49:53,116 - app.scheduler - INFO - Scheduler shutdown successfully
2026-09-17 11:49:53,271 - apscheduler.scheduler - INFO - Adding job tentatively -- it will be properly scheduled when the scheduler starts
2026-09-17 11:49:53,271 - apscheduler.scheduler - INFO - Added job "Daily Document Check" to job store "default"
2026-09-17 11:49:53,271 - apscheduler.scheduler - INFO - Scheduler started
2026-09-17 11:49:53,272 - app.scheduler - INFO - Scheduler started successfully. Daily check scheduled for 9:00 AM.
2026-09-17 11:49:53,705 - app.main - INFO - Password reset successful for test@example.com
2026-09-17 11:49:53,706 - httpx - INFO - HTTP Request: POST http://testserver/reset-password "HTTP/1.1 200 OK"
2026-09-17 11:49:53,893 - app.main - INFO - Successful login for test@example.com
2026-09-17 11:49:53,894 - httpx - INFO - HTTP Request: POST http://testserver/login "HTTP/1.1 303 See Other"
2026-09-17 11:49:53,895 - apscheduler.scheduler - INFO - Scheduler has been shut down
2026-09-17 11:49:53,896 - app.scheduler - INFO - Scheduler shutdown successfully
2026-09-17 11:50:27,254 - apscheduler.scheduler - INFO - Adding job tentatively -- it will be properly scheduled when the scheduler starts
2026-09-17 11:50:27,255 - apscheduler.scheduler - INFO - Added job "Daily Document Check" to job store "default"
2026-09-17 11:50:27,255 - apscheduler.scheduler - INFO - Scheduler started
2026-09-17 11:50:27,256 - app.scheduler - INFO - Scheduler started successfully. Daily check scheduled for 9:00 AM.
2026-09-17 11:50:27,691 - httpx - INFO - HTTP Request: POST http://testserver/login "HTTP/1.1 200 OK"
2026-09-17 11:50:27,895 - httpx - INFO - HTTP Request: POST http://testserver/login "HTTP/1.1 200 OK"
2026-09-17 11:50:28,103 - httpx - INFO - HTTP Request: POST http://testserver/login "HTTP/1.1 200 OK"
2026-09-17 11:50:28,325 - httpx - INFO - HTTP Request: POST http://testserver/login "HTTP/1.1 200 OK"
2026-09-17 11:50:28,512 - app.main - WARNING - Account locked for test@example.com after 5 failed login attempts
2026-09-17 11:50:28,518 - httpx - INFO - HTTP Request: POST http://testserver/login "HTTP/1.1 200 OK"
2026-09-17 11:50:28,522 - httpx - INFO - HTTP Request: POST http://testserver/login "HTTP/1.1 200 OK"
2026-09-17 11:50:28,524 - apscheduler.scheduler - INFO - Scheduler has been shut down
2026-09-17 11:50:28,524 - app.scheduler - INFO - Scheduler shutdown successfully
2026-09-17 11:50:28,681 - apscheduler.scheduler - INFO - Adding job tentatively -- it will be properly scheduled when the scheduler starts
2026-09-17 11:50:28,681 - apscheduler.scheduler - INFO - Added job "Daily Document Check" to job store "default"
2026-09-17 11:50:28,681 - apscheduler.scheduler - INFO - Scheduler started
2026-09-17 11:50:28,681 - app.scheduler - INFO - Scheduler started successfully. Daily check scheduled for 9:00 AM.
2026-09-17 11:50:29,080 - httpx - INFO - HTTP Request: POST http://testserver/login "HTTP/1.1 200 OK"
2026-09-17 11:50:29,280 - httpx - INFO - HTTP Request: POST http://testserver/login "HTTP/1.1 200 OK"
2026-09-17 11:50:29,479 - httpx - INFO - HTTP Request: POST http://testserver/login "HTTP/1.1 200 OK"
2026-09-17 11:50:29,683 - app.main - INFO - Successful login for test@example.com
2026-09-17 11:50:29,684 - httpx - INFO - HTTP Request: POST http://testserver/login "HTTP/1.1 303 See Other"
2026-09-17 11:50:29,685 - apscheduler.scheduler - INFO - Scheduler has been shut down
2026-09-17 11:50:29,685 - app.scheduler - INFO - Scheduler shutdown successfully
2026-09-17 11:50:29,878 - apscheduler.scheduler - INFO - Adding job tentatively -- it will be properly scheduled when the scheduler starts
2026-09-17 11:50:29,879 - apscheduler.scheduler - INFO - Added job "Daily Document Check" to job store "default"
2026-09-17 11:50:29,879 - apscheduler.scheduler - INFO - Scheduler started
2026-09-17 11:50:29,879 - app.scheduler - INFO - Scheduler started successfully. Daily check scheduled for 9:00 AM.
2026-09-17 11:50:30,101 - httpx - INFO - HTTP Request: POST http://testserver/login "HTTP/1.1 200 OK"
2026-09-17 11:50:30,103 - apscheduler.scheduler - INFO - Scheduler has been shut down
2026-09-17 11:50:30,103 - app.scheduler - INFO - Scheduler shutdown successfully
2026-09-17 11:50:30,262 - apscheduler.scheduler - INFO - Adding job tentatively -- it will be properly scheduled when the scheduler starts
2026-09-17 11:50:30,263 - apscheduler.scheduler - INFO - Added job "Daily Document Check" to job store "default"
2026-09-17 11:50:30,263 - apscheduler.scheduler - INFO - Scheduler started
2026-09-17 11:50:30,263 - app.scheduler - INFO - Scheduler started successfully. Daily check scheduled for 9:00 AM.
2026-09-17 11:50:30,677 - app.main - INFO - Successful login for test@example.com
2026-09-17 11:50:30,678 - httpx - INFO - HTTP Request: POST http://testserver/login "HTTP/1.1 303 See Other"
2026-09-17 11:50:30,679 - apscheduler.scheduler - INFO - Scheduler has been shut down
2026-09-17 11:50:30,680 - app.scheduler - INFO - Scheduler shutdown successfully
2026-09-17 11:50:30,868 - apscheduler.scheduler - INFO - Adding job tentatively -- it will be properly scheduled when the scheduler starts
2026-09-17 11:50:30,869 - apscheduler.scheduler - INFO - Added job "Daily Document Check" to job store "default"
2026-09-17 11:50:30,869 - apscheduler.scheduler - INFO - Scheduler started
2026-09-17 11:50:30,869 - app.scheduler - INFO - Scheduler started successfully. Daily check scheduled for 9:00 AM.
2026-09-17 11:50:31,271 - app.main - INFO - Successful login for test@example.com
2026-09-17 11:50:31,273 - httpx - INFO - HTTP Request: POST http://testserver/login "HTTP/1.1 303 See Other"
2026-09-17 11:50:31,298 - httpx - INFO - HTTP Request: GET http://testserver/dashboard "HTTP/1.1 200 OK"
2026-09-17 11:50:31,299 - apscheduler.scheduler - INFO - Scheduler has been shut down
2026-09-17 11:50:31,299 - app.scheduler - INFO - Scheduler shutdown successfully
2026-09-17 11:50:31,483 - apscheduler.scheduler - INFO - Adding job tentatively -- it will be properly scheduled when the scheduler starts
2026-09-17 11:50:31,484 - apscheduler.scheduler - INFO - Added job "Daily Document Check" to job store "default"
2026-09-17 11:50:31,484 - apscheduler.scheduler - INFO - Scheduler started
2026-09-17 11:50:31,484 - app.scheduler - INFO - Scheduler started successfully. Daily check scheduled for 9:00 AM.
2026-09-17 11:50:31,895 - httpx - INFO - HTTP Request: POST http://testserver/login "HTTP/1.1 200 OK"
2026-09-17 11:50:31,896 - apscheduler.scheduler - INFO - Scheduler has been shut down
2026-09-17 11:50:31,896 - app.scheduler - INFO - Scheduler shutdown successfully
2026-09-17 11:50:32,055 - apscheduler.scheduler - INFO - Adding job tentatively -- it will be properly scheduled when the scheduler starts
2026-09-17 11:50:32,056 - apscheduler.scheduler - INFO - Added job "Daily Document Check" to job store "default"
2026-09-17 11:50:32,056 - apscheduler.scheduler - INFO - Scheduler started
2026-09-17 11:50:32,057 - app.scheduler - INFO - Scheduler started successfully. Daily check scheduled for 9:00 AM.
2026-09-17 11:50:32,060 - httpx - INFO - HTTP Request: POST http://testserver/login "HTTP/1.1 200 OK"
2026-09-17 11:50:32,061 - apscheduler.scheduler - INFO - Scheduler has been shut down
2026-09-17 11:50:32,061 - app.scheduler - INFO - Scheduler shutdown successfully
2026-09-17 11:50:32,234 - apscheduler.scheduler - INFO - Adding job tentatively -- it will be properly scheduled when the scheduler starts
2026-09-17 11:50:32,234 - apscheduler.scheduler - INFO - Added job "Daily Document Check" to job store "default"
2026-09-17 11:50:32,234 - apscheduler.scheduler - INFO - Scheduler started
2026-09-17 11:50:32,234 - app.scheduler - INFO - Scheduler started successfully. Daily check scheduled for 9:00 AM.
2026-09-17 11:50:32,636 - httpx - INFO - HTTP Request: POST http://testserver/login "HTTP/1.1 200 OK"
2026-09-17 11:50:32,637 - apscheduler.scheduler - INFO - Scheduler has been shut down
2026-09-17 11:50:32,638 - app.scheduler - INFO - Scheduler shutdown successfully
2026-09-17 11:50:32,831 - apscheduler.scheduler - INFO - Adding job tentatively -- it will be properly scheduled when the scheduler starts
2026-09-17 11:50:32,831 - apscheduler.scheduler - INFO - Added job "Daily Document Check" to job store "default"
2026-09-17 11:50:32,831 - apscheduler.scheduler - INFO - Scheduler started
2026-09-17 11:50:32,832 - app.scheduler - INFO - Scheduler started successfully. Daily check scheduled for 9:00 AM.
2026-09-17 11:50:33,238 - app.main - INFO - Successful login for test@example.com
2026-09-17 11:50:33,239 - httpx - INFO - HTTP Request: POST http://testserver/login "HTTP/1.1 303 See Other"
2026-09-17 11:50:33,240 - app.main - INFO - User logged out
2026-09-17 11:50:33,241 - httpx - INFO - HTTP Request: GET http://testserver/logout "HTTP/1.1 307 Temporary Redirect"
2026-09-17 11:50:33,242 - httpx - INFO - HTTP Request: GET http://testserver/dashboard "HTTP/1.1 307 Temporary Redirect"
2026-09-17 11:50:33,243 - apscheduler.scheduler - INFO - Scheduler has been shut down
2026-09-17 11:50:33,243 - app.scheduler - INFO - Scheduler shutdown successfully
2026-09-17 11:50:33,429 - apscheduler.scheduler - INFO - Adding job tentatively -- it will be properly scheduled when the scheduler starts
2026-09-17 11:50:33,429 - apscheduler.scheduler - INFO - Added job "Daily Document Check" to job store "default"
2026-09-17 11:50:33,429 - apscheduler.scheduler - INFO - Scheduler started
2026-09-17 11:50:33,430 - app.scheduler - INFO - Scheduler started successfully. Daily check scheduled for 9:00 AM.
2026-09-17 11:50:33,432 - httpx - INFO - HTTP Request: GET http://testserver/dashboard "HTTP/1.1 307 Temporary Redirect"
2026-09-17 11:50:33,433 - apscheduler.scheduler - INFO - Scheduler has been shut down
2026-09-17 11:50:33,434 - app.scheduler - INFO - Scheduler shutdown successfully
2026-09-17 11:50:33,624 - apscheduler.scheduler - INFO - Adding job tentatively -- it will be properly scheduled when the scheduler starts
2026-09-17 11:50:33,624 - apscheduler.scheduler - INFO - Added job "Daily Document Check" to job store "default"
2026-09-17 11:50:33,624 - apscheduler.scheduler - INFO - Scheduler started
2026-09-17 11:50:33,625 - app.scheduler - INFO - Scheduler started successfully. Daily check scheduled for 9:00 AM.
2026-09-17 11:50:34,016 - app.main - INFO - Successful login for test@example.com
2026-09-17 11:50:34,017 - httpx - INFO - HTTP Request: POST http://testserver/login "HTTP/1.1 303 See Other"
2026-09-17 11:50:34,034 - httpx - INFO - HTTP Request: POST http://testserver/new-case "HTTP/1.1 303 See Other"
2026-09-17 11:50:34,041 - apscheduler.scheduler - INFO - Scheduler has been shut down
2026-09-17 11:50:34,041 - app.scheduler - INFO - Scheduler shutdown successfully
2026-09-17 11:50:34,617 - apscheduler.scheduler - INFO - Adding job tentatively -- it will be properly scheduled when the scheduler starts
2026-09-17 11:50:34,617 - apscheduler.scheduler - INFO - Added job "Daily Document Check" to job store "default"
2026-09-17 11:50:34,617 - apscheduler.scheduler - INFO - Scheduler started
2026-09-17 11:50:34,617 - app.scheduler - INFO - Scheduler started successfully. Daily check scheduled for 9:00 AM.
2026-09-17 11:50:35,014 - app.main - INFO - Successful login for test@example.com
2026-09-17 11:50:35,015 - httpx - INFO - HTTP Request: POST http://testserver/login "HTTP/1.1 303 See Other"
2026-09-17 11:50:35,029 - httpx - INFO - HTTP Request: POST http://testserver/new-case "HTTP/1.1 303 See Other"
2026-09-17 11:50:35,039 - apscheduler.scheduler - INFO - Scheduler has been shut down
2026-09-17 11:50:35,039 - app.scheduler - INFO - Scheduler shutdown successfully
2026-09-17 11:50:35,390 - apscheduler.scheduler - INFO - Adding job tentatively -- it will be properly scheduled when the scheduler starts
2026-09-17 11:50:35,391 - apscheduler.scheduler - INFO - Added job "Daily Document Check" to job store "default"
2026-09-17 11:50:35,391 - apscheduler.scheduler - INFO - Scheduler started
2026-09-17 11:50:35,391 - app.scheduler - INFO - Scheduler started successfully. Daily check scheduled for 9:00 AM.
2026-09-17 11:50:35,775 - app.main - INFO - Successful login for staff_a@example.com
2026-09-17 11:50:35,776 - httpx - INFO - HTTP Request: POST http://testserver/login "HTTP/1.1 303 See Other"
2026-09-17 11:50:35,804 - httpx - INFO - HTTP Request: GET http://testserver/new-case "HTTP/1.1 200 OK"
2026-09-17 11:50:35,806 - apscheduler.scheduler - INFO - Scheduler has been shut down
2026-09-17 11:50:35,806 - app.scheduler - INFO - Scheduler shutdown successfully
2026-09-17 11:50:35,980 - apscheduler.scheduler - INFO - Adding job tentatively -- it will be properly scheduled when the scheduler starts
2026-09-17 11:50:35,980 - apscheduler.scheduler - INFO - Added job "Daily Document Check" to job store "default"
2026-09-17 11:50:35,980 - apscheduler.scheduler - INFO - Scheduler started
2026-09-17 11:50:35,980 - app.scheduler - INFO - Scheduler started successfully. Daily check scheduled for 9:00 AM.
2026-09-17 11:50:36,390 - app.main - INFO - Successful login for staff_a@example.com
2026-09-17 11:50:36,391 - httpx - INFO - HTTP Request: POST http://testserver/login "HTTP/1.1 303 See Other"
2026-09-17 11:50:36,427 - httpx - INFO - HTTP Request: GET http://testserver/case/1 "HTTP/1.1 200 OK"
2026-09-17 11:50:36,428 - apscheduler.scheduler - INFO - Scheduler has been shut down
2026-09-17 11:50:36,428 - app.scheduler - INFO - Scheduler shutdown successfully
2026-09-17 11:50:36,608 - apscheduler.scheduler - INFO - Adding job tentatively -- it will be properly scheduled when the scheduler starts
2026-09-17 11:50:36,609 - apscheduler.scheduler - INFO - Added job "Daily Document Check" to job store "default"
2026-09-17 11:50:36,609 - apscheduler.scheduler - INFO - Scheduler started
2026-09-17 11:50:36,609 - app.scheduler - INFO - Scheduler started successfully. Daily check scheduled for 9:00 AM.
2026-09-17 11:50:36,993 - app.main - INFO - Successful login for staff_a@example.com
2026-09-17 11:50:36,994 - httpx - INFO - HTTP Request: POST http://testserver/login "HTTP/1.1 303 See Other"
2026-09-17 11:50:37,021 - httpx - INFO - HTTP Request: POST http://testserver/new-case "HTTP/1.1 200 OK"
2026-09-17 11:50:37,023 - apscheduler.scheduler - INFO - Scheduler has been shut down
2026-09-17 11:50:37,023 - app.scheduler - INFO - Scheduler shutdown successfully
2026-09-17 11:50:37,207 - apscheduler.scheduler - INFO - Adding job tentatively -- it will be properly scheduled when the scheduler starts
2026-09-17 11:50:37,207 - apscheduler.scheduler - INFO - Added job "Daily Document Check" to job store "default"
2026-09-17 11:50:37,207 - apscheduler.scheduler - INFO - Scheduler started
2026-09-17 11:50:37,208 - app.scheduler - INFO - Scheduler started successfully. Daily check scheduled for 9:00 AM.
2026-09-17 11:50:37,612 - app.main - INFO - Successful login for staff_a@example.com
2026-09-17 11:50:37,612 - httpx - INFO - HTTP Request: POST http://testserver/login "HTTP/1.1 303 See Other"
2026-09-17 11:50:37,700 - httpx - INFO - HTTP Request: POST http://testserver/case/1/upload "HTTP/1.1 200 OK"
2026-09-17 11:50:37,702 - apscheduler.scheduler - INFO - Scheduler has been shut down
2026-09-17 11:50:37,703 - app.scheduler - INFO - Scheduler shutdown successfully
2026-09-17 11:50:37,893 - apscheduler.scheduler - INFO - Adding job tentatively -- it will be properly scheduled when the scheduler starts
2026-09-17 11:50:37,893 - apscheduler.scheduler - INFO - Added job "Daily Document Check" to job store "default"
2026-09-17 11:50:37,893 - apscheduler.scheduler - INFO - Scheduler started
2026-09-17 11:50:37,893 - app.scheduler - INFO - Scheduler started successfully. Daily check scheduled for 9:00 AM.
2026-09-17 11:50:38,293 - app.main - INFO - Successful login for staff_a@example.com
2026-09-17 11:50:38,294 - httpx - INFO - HTTP Request: POST http://testserver/login "HTTP/1.1 303 See Other"
2026-09-17 11:50:38,334 - app.core.exceptions - WARNING - HTTP Exception: 404 - Document not found
2026-09-17 11:50:38,335 - httpx - INFO - HTTP Request: GET http://testserver/documents/1/download "HTTP/1.1 404 Not Found"
2026-09-17 11:50:38,337 - apscheduler.scheduler - INFO - Scheduler has been shut down
2026-09-17 11:50:38,337 - app.scheduler - INFO - Scheduler shutdown successfully
2026-09-17 11:50:38,500 - apscheduler.scheduler - INFO - Adding job tentatively -- it will be properly scheduled when the scheduler starts
2026-09-17 11:50:38,500 - apscheduler.scheduler - INFO - Added job "Daily Document Check" to job store "default"
2026-09-17 11:50:38,500 - apscheduler.scheduler - INFO - Scheduler started
2026-09-17 11:50:38,501 - app.scheduler - INFO - Scheduler started successfully. Daily check scheduled for 9:00 AM.
2026-09-17 11:50:38,890 - app.main - INFO - Successful login for staff_a@example.com
2026-09-17 11:50:38,891 - httpx - INFO - HTTP Request: POST http://testserver/login "HTTP/1.1 303 See Other"
2026-09-17 11:50:38,943 - httpx - INFO - HTTP Request: GET http://testserver/dashboard "HTTP/1.1 200 OK"
2026-09-17 11:50:38,944 - apscheduler.scheduler - INFO - Scheduler has been shut down
2026-09-17 11:50:38,944 - app.scheduler - INFO - Scheduler shutdown successfully
2026-09-17 11:50:39,103 - apscheduler.scheduler - INFO - Adding job tentatively -- it will be properly scheduled when the scheduler starts
2026-09-17 11:50:39,104 - apscheduler.scheduler - INFO - Added job "Daily Document Check" to job store "default"
2026-09-17 11:50:39,104 - apscheduler.scheduler - INFO - Scheduler started
2026-09-17 11:50:39,104 - app.scheduler - INFO - Scheduler started successfully. Daily check scheduled for 9:00 AM.
2026-09-17 11:50:39,503 - app.main - INFO - Successful login for staff_a@example.com
2026-09-17 11:50:39,504 - httpx - INFO - HTTP Request: POST http://testserver/login "HTTP/1.1 303 See Other"
2026-09-17 11:50:39,520 - httpx - INFO - HTTP Request: GET http://testserver/analytics/case-volume "HTTP/1.1 200 OK"
2026-09-17 11:50:39,521 - apscheduler.scheduler - INFO - Scheduler has been shut down
2026-09-17 11:50:39,521 - app.scheduler - INFO - Scheduler shutdown successfully
2026-09-17 11:50:39,692 - apscheduler.scheduler - INFO - Adding job tentatively -- it will be properly scheduled when the scheduler starts
2026-09-17 11:50:39,692 - apscheduler.scheduler - INFO - Added job "Daily Document Check" to job store "default"
2026-09-17 11:50:39,693 - apscheduler.scheduler - INFO - Scheduler started
2026-09-17 11:50:39,693 - app.scheduler - INFO - Scheduler started successfully. Daily check scheduled for 9:00 AM.
2026-09-17 11:50:40,094 - app.main - INFO - Successful login for staff_a@example.com
2026-09-17 11:50:40,094 - httpx - INFO - HTTP Request: POST http://testserver/login "HTTP/1.1 303 See Other"
2026-09-17 11:50:40,140 - httpx - INFO - HTTP Request: POST http://testserver/reminders/1/approve "HTTP/1.1 307 Temporary Redirect"
2026-09-17 11:50:40,142 - apscheduler.scheduler - INFO - Scheduler has been shut down
2026-09-17 11:50:40,142 - app.scheduler - INFO - Scheduler shutdown successfully
2026-09-17 11:50:40,335 - apscheduler.scheduler - INFO - Adding job tentatively -- it will be properly scheduled when the scheduler starts
2026-09-17 11:50:40,336 - apscheduler.scheduler - INFO - Added job "Daily Document Check" to job store "default"
2026-09-17 11:50:40,336 - apscheduler.scheduler - INFO - Scheduler started
2026-09-17 11:50:40,338 - app.scheduler - INFO - Scheduler started successfully. Daily check scheduled for 9:00 AM.
2026-09-17 11:50:40,341 - httpx - INFO - HTTP Request: GET http://testserver/forgot-password "HTTP/1.1 200 OK"
2026-09-17 11:50:40,342 - apscheduler.scheduler - INFO - Scheduler has been shut down
2026-09-17 11:50:40,343 - app.scheduler - INFO - Scheduler shutdown successfully
2026-09-17 11:50:40,517 - apscheduler.scheduler - INFO - Adding job tentatively -- it will be properly scheduled when the scheduler starts
2026-09-17 11:50:40,517 - apscheduler.scheduler - INFO - Added job "Daily Document Check" to job store "default"
2026-09-17 11:50:40,517 - apscheduler.scheduler - INFO - Scheduler started
2026-09-17 11:50:40,518 - app.scheduler - INFO - Scheduler started successfully. Daily check scheduled for 9:00 AM.
2026-09-17 11:50:41,914 - app.main - ERROR - Failed to send password reset email: API key is invalid
2026-09-17 11:50:41,915 - httpx - INFO - HTTP Request: POST http://testserver/forgot-password "HTTP/1.1 200 OK"
2026-09-17 11:50:41,919 - apscheduler.scheduler - INFO - Scheduler has been shut down
2026-09-17 11:50:41,920 - app.scheduler - INFO - Scheduler shutdown successfully
2026-09-17 11:50:42,103 - apscheduler.scheduler - INFO - Adding job tentatively -- it will be properly scheduled when the scheduler starts
2026-09-17 11:50:42,103 - apscheduler.scheduler - INFO - Added job "Daily Document Check" to job store "default"
2026-09-17 11:50:42,103 - apscheduler.scheduler - INFO - Scheduler started
2026-09-17 11:50:42,104 - app.scheduler - INFO - Scheduler started successfully. Daily check scheduled for 9:00 AM.
2026-09-17 11:50:42,108 - httpx - INFO - HTTP Request: POST http://testserver/forgot-password "HTTP/1.1 200 OK"
2026-09-17 11:50:42,109 - apscheduler.scheduler - INFO - Scheduler has been shut down
2026-09-17 11:50:42,109 - app.scheduler - INFO - Scheduler shutdown successfully
2026-09-17 11:50:42,306 - apscheduler.scheduler - INFO - Adding job tentatively -- it will be properly scheduled when the scheduler starts
2026-09-17 11:50:42,306 - apscheduler.scheduler - INFO - Added job "Daily Document Check" to job store "default"
2026-09-17 11:50:42,306 - apscheduler.scheduler - INFO - Scheduler started
2026-09-17 11:50:42,307 - app.scheduler - INFO - Scheduler started successfully. Daily check scheduled for 9:00 AM.
2026-09-17 11:50:42,714 - app.main - INFO - Password reset successful for test@example.com
2026-09-17 11:50:42,715 - httpx - INFO - HTTP Request: POST http://testserver/reset-password "HTTP/1.1 200 OK"
2026-09-17 11:50:42,901 - apscheduler.scheduler - INFO - Scheduler has been shut down
2026-09-17 11:50:42,901 - app.scheduler - INFO - Scheduler shutdown successfully
2026-09-17 11:50:43,074 - apscheduler.scheduler - INFO - Adding job tentatively -- it will be properly scheduled when the scheduler starts
2026-09-17 11:50:43,074 - apscheduler.scheduler - INFO - Added job "Daily Document Check" to job store "default"
2026-09-17 11:50:43,074 - apscheduler.scheduler - INFO - Scheduler started
2026-09-17 11:50:43,075 - app.scheduler - INFO - Scheduler started successfully. Daily check scheduled for 9:00 AM.
2026-09-17 11:50:43,287 - httpx - INFO - HTTP Request: POST http://testserver/reset-password "HTTP/1.1 200 OK"
2026-09-17 11:50:43,288 - apscheduler.scheduler - INFO - Scheduler has been shut down
2026-09-17 11:50:43,288 - app.scheduler - INFO - Scheduler shutdown successfully
2026-09-17 11:50:43,454 - apscheduler.scheduler - INFO - Adding job tentatively -- it will be properly scheduled when the scheduler starts
2026-09-17 11:50:43,454 - apscheduler.scheduler - INFO - Added job "Daily Document Check" to job store "default"
2026-09-17 11:50:43,455 - apscheduler.scheduler - INFO - Scheduler started
2026-09-17 11:50:43,455 - app.scheduler - INFO - Scheduler started successfully. Daily check scheduled for 9:00 AM.
2026-09-17 11:50:43,669 - httpx - INFO - HTTP Request: POST http://testserver/reset-password "HTTP/1.1 200 OK"
2026-09-17 11:50:43,670 - apscheduler.scheduler - INFO - Scheduler has been shut down
2026-09-17 11:50:43,670 - app.scheduler - INFO - Scheduler shutdown successfully
2026-09-17 11:50:43,922 - apscheduler.scheduler - INFO - Adding job tentatively -- it will be properly scheduled when the scheduler starts
2026-09-17 11:50:43,923 - apscheduler.scheduler - INFO - Added job "Daily Document Check" to job store "default"
2026-09-17 11:50:43,923 - apscheduler.scheduler - INFO - Scheduler started
2026-09-17 11:50:43,923 - app.scheduler - INFO - Scheduler started successfully. Daily check scheduled for 9:00 AM.
2026-09-17 11:50:44,331 - app.main - INFO - Password reset successful for test@example.com
2026-09-17 11:50:44,335 - httpx - INFO - HTTP Request: POST http://testserver/reset-password "HTTP/1.1 200 OK"
2026-09-17 11:50:44,520 - app.main - INFO - Successful login for test@example.com
2026-09-17 11:50:44,521 - httpx - INFO - HTTP Request: POST http://testserver/login "HTTP/1.1 303 See Other"
2026-09-17 11:50:44,522 - apscheduler.scheduler - INFO - Scheduler has been shut down
2026-09-17 11:50:44,523 - app.scheduler - INFO - Scheduler shutdown successfully
2026-09-17 12:01:46,294 - apscheduler.scheduler - INFO - Adding job tentatively -- it will be properly scheduled when the scheduler starts
2026-09-17 12:01:46,294 - apscheduler.scheduler - INFO - Added job "Daily Document Check" to job store "default"
2026-09-17 12:01:46,294 - apscheduler.scheduler - INFO - Scheduler started
2026-09-17 12:01:46,295 - app.scheduler - INFO - Scheduler started successfully. Daily check scheduled for 9:00 AM.
2026-09-17 12:01:46,713 - httpx - INFO - HTTP Request: POST http://testserver/login "HTTP/1.1 200 OK"
2026-09-17 12:01:46,903 - httpx - INFO - HTTP Request: POST http://testserver/login "HTTP/1.1 200 OK"
2026-09-17 12:01:47,093 - httpx - INFO - HTTP Request: POST http://testserver/login "HTTP/1.1 200 OK"
2026-09-17 12:01:47,295 - httpx - INFO - HTTP Request: POST http://testserver/login "HTTP/1.1 200 OK"
2026-09-17 12:01:47,482 - app.main - WARNING - Account locked for test@example.com after 5 failed login attempts
2026-09-17 12:01:47,490 - httpx - INFO - HTTP Request: POST http://testserver/login "HTTP/1.1 200 OK"
2026-09-17 12:01:47,494 - httpx - INFO - HTTP Request: POST http://testserver/login "HTTP/1.1 200 OK"
2026-09-17 12:01:47,495 - apscheduler.scheduler - INFO - Scheduler has been shut down
2026-09-17 12:01:47,496 - app.scheduler - INFO - Scheduler shutdown successfully
2026-09-17 12:01:47,681 - apscheduler.scheduler - INFO - Adding job tentatively -- it will be properly scheduled when the scheduler starts
2026-09-17 12:01:47,681 - apscheduler.scheduler - INFO - Added job "Daily Document Check" to job store "default"
2026-09-17 12:01:47,681 - apscheduler.scheduler - INFO - Scheduler started
2026-09-17 12:01:47,681 - app.scheduler - INFO - Scheduler started successfully. Daily check scheduled for 9:00 AM.
2026-09-17 12:01:48,075 - httpx - INFO - HTTP Request: POST http://testserver/login "HTTP/1.1 200 OK"
2026-09-17 12:01:48,270 - httpx - INFO - HTTP Request: POST http://testserver/login "HTTP/1.1 200 OK"
2026-09-17 12:01:48,465 - httpx - INFO - HTTP Request: POST http://testserver/login "HTTP/1.1 200 OK"
2026-09-17 12:01:48,655 - app.main - INFO - Successful login for test@example.com
2026-09-17 12:01:48,656 - httpx - INFO - HTTP Request: POST http://testserver/login "HTTP/1.1 303 See Other"
2026-09-17 12:01:48,658 - apscheduler.scheduler - INFO - Scheduler has been shut down
2026-09-17 12:01:48,658 - app.scheduler - INFO - Scheduler shutdown successfully
2026-09-17 12:01:48,856 - apscheduler.scheduler - INFO - Adding job tentatively -- it will be properly scheduled when the scheduler starts
2026-09-17 12:01:48,856 - apscheduler.scheduler - INFO - Added job "Daily Document Check" to job store "default"
2026-09-17 12:01:48,856 - apscheduler.scheduler - INFO - Scheduler started
2026-09-17 12:01:48,857 - app.scheduler - INFO - Scheduler started successfully. Daily check scheduled for 9:00 AM.
2026-09-17 12:01:49,076 - httpx - INFO - HTTP Request: POST http://testserver/login "HTTP/1.1 200 OK"
2026-09-17 12:01:49,077 - apscheduler.scheduler - INFO - Scheduler has been shut down
2026-09-17 12:01:49,078 - app.scheduler - INFO - Scheduler shutdown successfully
2026-09-17 12:01:49,250 - apscheduler.scheduler - INFO - Adding job tentatively -- it will be properly scheduled when the scheduler starts
2026-09-17 12:01:49,251 - apscheduler.scheduler - INFO - Added job "Daily Document Check" to job store "default"
2026-09-17 12:01:49,251 - apscheduler.scheduler - INFO - Scheduler started
2026-09-17 12:01:49,251 - app.scheduler - INFO - Scheduler started successfully. Daily check scheduled for 9:00 AM.
2026-09-17 12:01:49,668 - app.main - INFO - Successful login for test@example.com
2026-09-17 12:01:49,670 - httpx - INFO - HTTP Request: POST http://testserver/login "HTTP/1.1 303 See Other"
2026-09-17 12:01:49,672 - apscheduler.scheduler - INFO - Scheduler has been shut down
2026-09-17 12:01:49,672 - app.scheduler - INFO - Scheduler shutdown successfully
2026-09-17 12:01:49,863 - apscheduler.scheduler - INFO - Adding job tentatively -- it will be properly scheduled when the scheduler starts
2026-09-17 12:01:49,864 - apscheduler.scheduler - INFO - Added job "Daily Document Check" to job store "default"
2026-09-17 12:01:49,864 - apscheduler.scheduler - INFO - Scheduler started
2026-09-17 12:01:49,864 - app.scheduler - INFO - Scheduler started successfully. Daily check scheduled for 9:00 AM.
2026-09-17 12:01:50,270 - app.main - INFO - Successful login for test@example.com
2026-09-17 12:01:50,271 - httpx - INFO - HTTP Request: POST http://testserver/login "HTTP/1.1 303 See Other"
2026-09-17 12:01:50,283 - httpx - INFO - HTTP Request: GET http://testserver/dashboard "HTTP/1.1 200 OK"
2026-09-17 12:01:50,285 - apscheduler.scheduler - INFO - Scheduler has been shut down
2026-09-17 12:01:50,285 - app.scheduler - INFO - Scheduler shutdown successfully
2026-09-17 12:01:50,471 - apscheduler.scheduler - INFO - Adding job tentatively -- it will be properly scheduled when the scheduler starts
2026-09-17 12:01:50,472 - apscheduler.scheduler - INFO - Added job "Daily Document Check" to job store "default"
2026-09-17 12:01:50,472 - apscheduler.scheduler - INFO - Scheduler started
2026-09-17 12:01:50,472 - app.scheduler - INFO - Scheduler started successfully. Daily check scheduled for 9:00 AM.
2026-09-17 12:01:50,878 - httpx - INFO - HTTP Request: POST http://testserver/login "HTTP/1.1 200 OK"
2026-09-17 12:01:50,880 - apscheduler.scheduler - INFO - Scheduler has been shut down
2026-09-17 12:01:50,881 - app.scheduler - INFO - Scheduler shutdown successfully
2026-09-17 12:01:51,088 - apscheduler.scheduler - INFO - Adding job tentatively -- it will be properly scheduled when the scheduler starts
2026-09-17 12:01:51,088 - apscheduler.scheduler - INFO - Added job "Daily Document Check" to job store "default"
2026-09-17 12:01:51,088 - apscheduler.scheduler - INFO - Scheduler started
2026-09-17 12:01:51,089 - app.scheduler - INFO - Scheduler started successfully. Daily check scheduled for 9:00 AM.
2026-09-17 12:01:51,093 - httpx - INFO - HTTP Request: POST http://testserver/login "HTTP/1.1 200 OK"
2026-09-17 12:01:51,095 - apscheduler.scheduler - INFO - Scheduler has been shut down
2026-09-17 12:01:51,095 - app.scheduler - INFO - Scheduler shutdown successfully
2026-09-17 12:01:51,285 - apscheduler.scheduler - INFO - Adding job tentatively -- it will be properly scheduled when the scheduler starts
2026-09-17 12:01:51,286 - apscheduler.scheduler - INFO - Added job "Daily Document Check" to job store "default"
2026-09-17 12:01:51,286 - apscheduler.scheduler - INFO - Scheduler started
2026-09-17 12:01:51,286 - app.scheduler - INFO - Scheduler started successfully. Daily check scheduled for 9:00 AM.
2026-09-17 12:01:51,681 - httpx - INFO - HTTP Request: POST http://testserver/login "HTTP/1.1 200 OK"
2026-09-17 12:01:51,683 - apscheduler.scheduler - INFO - Scheduler has been shut down
2026-09-17 12:01:51,684 - app.scheduler - INFO - Scheduler shutdown successfully
2026-09-17 12:01:51,868 - apscheduler.scheduler - INFO - Adding job tentatively -- it will be properly scheduled when the scheduler starts
2026-09-17 12:01:51,868 - apscheduler.scheduler - INFO - Added job "Daily Document Check" to job store "default"
2026-09-17 12:01:51,868 - apscheduler.scheduler - INFO - Scheduler started
2026-09-17 12:01:51,868 - app.scheduler - INFO - Scheduler started successfully. Daily check scheduled for 9:00 AM.
2026-09-17 12:01:52,263 - app.main - INFO - Successful login for test@example.com
2026-09-17 12:01:52,264 - httpx - INFO - HTTP Request: POST http://testserver/login "HTTP/1.1 303 See Other"
2026-09-17 12:01:52,266 - app.main - INFO - User logged out
2026-09-17 12:01:52,267 - httpx - INFO - HTTP Request: GET http://testserver/logout "HTTP/1.1 307 Temporary Redirect"
2026-09-17 12:01:52,268 - httpx - INFO - HTTP Request: GET http://testserver/dashboard "HTTP/1.1 307 Temporary Redirect"
2026-09-17 12:01:52,269 - apscheduler.scheduler - INFO - Scheduler has been shut down
2026-09-17 12:01:52,269 - app.scheduler - INFO - Scheduler shutdown successfully
2026-09-17 12:01:52,464 - apscheduler.scheduler - INFO - Adding job tentatively -- it will be properly scheduled when the scheduler starts
2026-09-17 12:01:52,464 - apscheduler.scheduler - INFO - Added job "Daily Document Check" to job store "default"
2026-09-17 12:01:52,464 - apscheduler.scheduler - INFO - Scheduler started
2026-09-17 12:01:52,465 - app.scheduler - INFO - Scheduler started successfully. Daily check scheduled for 9:00 AM.
2026-09-17 12:01:52,467 - httpx - INFO - HTTP Request: GET http://testserver/dashboard "HTTP/1.1 307 Temporary Redirect"
2026-09-17 12:01:52,468 - apscheduler.scheduler - INFO - Scheduler has been shut down
2026-09-17 12:01:52,469 - app.scheduler - INFO - Scheduler shutdown successfully
2026-09-17 12:01:52,668 - apscheduler.scheduler - INFO - Adding job tentatively -- it will be properly scheduled when the scheduler starts
2026-09-17 12:01:52,669 - apscheduler.scheduler - INFO - Added job "Daily Document Check" to job store "default"
2026-09-17 12:01:52,669 - apscheduler.scheduler - INFO - Scheduler started
2026-09-17 12:01:52,669 - app.scheduler - INFO - Scheduler started successfully. Daily check scheduled for 9:00 AM.
2026-09-17 12:01:53,058 - app.main - INFO - Successful login for test@example.com
2026-09-17 12:01:53,059 - httpx - INFO - HTTP Request: POST http://testserver/login "HTTP/1.1 303 See Other"
2026-09-17 12:01:53,076 - httpx - INFO - HTTP Request: POST http://testserver/new-case "HTTP/1.1 303 See Other"
2026-09-17 12:01:53,081 - apscheduler.scheduler - INFO - Scheduler has been shut down
2026-09-17 12:01:53,081 - app.scheduler - INFO - Scheduler shutdown successfully
2026-09-17 12:01:53,647 - apscheduler.scheduler - INFO - Adding job tentatively -- it will be properly scheduled when the scheduler starts
2026-09-17 12:01:53,647 - apscheduler.scheduler - INFO - Added job "Daily Document Check" to job store "default"
2026-09-17 12:01:53,647 - apscheduler.scheduler - INFO - Scheduler started
2026-09-17 12:01:53,648 - app.scheduler - INFO - Scheduler started successfully. Daily check scheduled for 9:00 AM.
2026-09-17 12:01:54,035 - app.main - INFO - Successful login for test@example.com
2026-09-17 12:01:54,036 - httpx - INFO - HTTP Request: POST http://testserver/login "HTTP/1.1 303 See Other"
2026-09-17 12:01:54,050 - httpx - INFO - HTTP Request: POST http://testserver/new-case "HTTP/1.1 303 See Other"
2026-09-17 12:01:54,058 - apscheduler.scheduler - INFO - Scheduler has been shut down
2026-09-17 12:01:54,058 - app.scheduler - INFO - Scheduler shutdown successfully
2026-09-17 12:01:54,425 - apscheduler.scheduler - INFO - Adding job tentatively -- it will be properly scheduled when the scheduler starts
2026-09-17 12:01:54,425 - apscheduler.scheduler - INFO - Added job "Daily Document Check" to job store "default"
2026-09-17 12:01:54,426 - apscheduler.scheduler - INFO - Scheduler started
2026-09-17 12:01:54,426 - app.scheduler - INFO - Scheduler started successfully. Daily check scheduled for 9:00 AM.
2026-09-17 12:01:54,805 - app.main - INFO - Successful login for staff_a@example.com
2026-09-17 12:01:54,806 - httpx - INFO - HTTP Request: POST http://testserver/login "HTTP/1.1 303 See Other"
2026-09-17 12:01:54,831 - httpx - INFO - HTTP Request: GET http://testserver/new-case "HTTP/1.1 200 OK"
2026-09-17 12:01:54,833 - apscheduler.scheduler - INFO - Scheduler has been shut down
2026-09-17 12:01:54,833 - app.scheduler - INFO - Scheduler shutdown successfully
2026-09-17 12:01:55,106 - apscheduler.scheduler - INFO - Adding job tentatively -- it will be properly scheduled when the scheduler starts
2026-09-17 12:01:55,106 - apscheduler.scheduler - INFO - Added job "Daily Document Check" to job store "default"
2026-09-17 12:01:55,106 - apscheduler.scheduler - INFO - Scheduler started
2026-09-17 12:01:55,106 - app.scheduler - INFO - Scheduler started successfully. Daily check scheduled for 9:00 AM.
2026-09-17 12:01:55,489 - app.main - INFO - Successful login for staff_a@example.com
2026-09-17 12:01:55,490 - httpx - INFO - HTTP Request: POST http://testserver/login "HTTP/1.1 303 See Other"
2026-09-17 12:01:55,526 - httpx - INFO - HTTP Request: GET http://testserver/case/1 "HTTP/1.1 200 OK"
2026-09-17 12:01:55,527 - apscheduler.scheduler - INFO - Scheduler has been shut down
2026-09-17 12:01:55,528 - app.scheduler - INFO - Scheduler shutdown successfully
2026-09-17 12:01:55,679 - apscheduler.scheduler - INFO - Adding job tentatively -- it will be properly scheduled when the scheduler starts
2026-09-17 12:01:55,679 - apscheduler.scheduler - INFO - Added job "Daily Document Check" to job store "default"
2026-09-17 12:01:55,679 - apscheduler.scheduler - INFO - Scheduler started
2026-09-17 12:01:55,680 - app.scheduler - INFO - Scheduler started successfully. Daily check scheduled for 9:00 AM.
2026-09-17 12:01:56,088 - app.main - INFO - Successful login for staff_a@example.com
2026-09-17 12:01:56,089 - httpx - INFO - HTTP Request: POST http://testserver/login "HTTP/1.1 303 See Other"
2026-09-17 12:01:56,108 - httpx - INFO - HTTP Request: POST http://testserver/new-case "HTTP/1.1 200 OK"
2026-09-17 12:01:56,110 - apscheduler.scheduler - INFO - Scheduler has been shut down
2026-09-17 12:01:56,110 - app.scheduler - INFO - Scheduler shutdown successfully
2026-09-17 12:01:56,285 - apscheduler.scheduler - INFO - Adding job tentatively -- it will be properly scheduled when the scheduler starts
2026-09-17 12:01:56,285 - apscheduler.scheduler - INFO - Added job "Daily Document Check" to job store "default"
2026-09-17 12:01:56,286 - apscheduler.scheduler - INFO - Scheduler started
2026-09-17 12:01:56,286 - app.scheduler - INFO - Scheduler started successfully. Daily check scheduled for 9:00 AM.
2026-09-17 12:01:56,676 - app.main - INFO - Successful login for staff_a@example.com
2026-09-17 12:01:56,677 - httpx - INFO - HTTP Request: POST http://testserver/login "HTTP/1.1 303 See Other"
2026-09-17 12:01:56,710 - httpx - INFO - HTTP Request: POST http://testserver/case/1/upload "HTTP/1.1 200 OK"
2026-09-17 12:01:56,711 - apscheduler.scheduler - INFO - Scheduler has been shut down
2026-09-17 12:01:56,711 - app.scheduler - INFO - Scheduler shutdown successfully
2026-09-17 12:01:56,874 - apscheduler.scheduler - INFO - Adding job tentatively -- it will be properly scheduled when the scheduler starts
2026-09-17 12:01:56,875 - apscheduler.scheduler - INFO - Added job "Daily Document Check" to job store "default"
2026-09-17 12:01:56,875 - apscheduler.scheduler - INFO - Scheduler started
2026-09-17 12:01:56,875 - app.scheduler - INFO - Scheduler started successfully. Daily check scheduled for 9:00 AM.
2026-09-17 12:01:57,266 - app.main - INFO - Successful login for staff_a@example.com
2026-09-17 12:01:57,267 - httpx - INFO - HTTP Request: POST http://testserver/login "HTTP/1.1 303 See Other"
2026-09-17 12:01:57,297 - app.core.exceptions - WARNING - HTTP Exception: 404 - Document not found
2026-09-17 12:01:57,297 - httpx - INFO - HTTP Request: GET http://testserver/documents/1/download "HTTP/1.1 404 Not Found"
2026-09-17 12:01:57,299 - apscheduler.scheduler - INFO - Scheduler has been shut down
2026-09-17 12:01:57,299 - app.scheduler - INFO - Scheduler shutdown successfully
2026-09-17 12:01:57,467 - apscheduler.scheduler - INFO - Adding job tentatively -- it will be properly scheduled when the scheduler starts
2026-09-17 12:01:57,468 - apscheduler.scheduler - INFO - Added job "Daily Document Check" to job store "default"
2026-09-17 12:01:57,468 - apscheduler.scheduler - INFO - Scheduler started
2026-09-17 12:01:57,468 - app.scheduler - INFO - Scheduler started successfully. Daily check scheduled for 9:00 AM.
2026-09-17 12:01:57,853 - app.main - INFO - Successful login for staff_a@example.com
2026-09-17 12:01:57,853 - httpx - INFO - HTTP Request: POST http://testserver/login "HTTP/1.1 303 See Other"
2026-09-17 12:01:57,884 - httpx - INFO - HTTP Request: GET http://testserver/dashboard "HTTP/1.1 200 OK"
2026-09-17 12:01:57,885 - apscheduler.scheduler - INFO - Scheduler has been shut down
2026-09-17 12:01:57,885 - app.scheduler - INFO - Scheduler shutdown successfully
2026-09-17 12:01:58,051 - apscheduler.scheduler - INFO - Adding job tentatively -- it will be properly scheduled when the scheduler starts
2026-09-17 12:01:58,051 - apscheduler.scheduler - INFO - Added job "Daily Document Check" to job store "default"
2026-09-17 12:01:58,051 - apscheduler.scheduler - INFO - Scheduler started
2026-09-17 12:01:58,052 - app.scheduler - INFO - Scheduler started successfully. Daily check scheduled for 9:00 AM.
2026-09-17 12:01:58,431 - app.main - INFO - Successful login for staff_a@example.com
2026-09-17 12:01:58,432 - httpx - INFO - HTTP Request: POST http://testserver/login "HTTP/1.1 303 See Other"
2026-09-17 12:01:58,451 - httpx - INFO - HTTP Request: GET http://testserver/analytics/case-volume "HTTP/1.1 200 OK"
2026-09-17 12:01:58,454 - apscheduler.scheduler - INFO - Scheduler has been shut down
2026-09-17 12:01:58,454 - app.scheduler - INFO - Scheduler shutdown successfully
2026-09-17 12:01:58,628 - apscheduler.scheduler - INFO - Adding job tentatively -- it will be properly scheduled when the scheduler starts
2026-09-17 12:01:58,629 - apscheduler.scheduler - INFO - Added job "Daily Document Check" to job store "default"
2026-09-17 12:01:58,629 - apscheduler.scheduler - INFO - Scheduler started
2026-09-17 12:01:58,629 - app.scheduler - INFO - Scheduler started successfully. Daily check scheduled for 9:00 AM.
2026-09-17 12:01:59,030 - app.main - INFO - Successful login for staff_a@example.com
2026-09-17 12:01:59,030 - httpx - INFO - HTTP Request: POST http://testserver/login "HTTP/1.1 303 See Other"
2026-09-17 12:01:59,062 - httpx - INFO - HTTP Request: POST http://testserver/reminders/1/approve "HTTP/1.1 307 Temporary Redirect"
2026-09-17 12:01:59,063 - apscheduler.scheduler - INFO - Scheduler has been shut down
2026-09-17 12:01:59,064 - app.scheduler - INFO - Scheduler shutdown successfully
2026-09-17 12:01:59,239 - apscheduler.scheduler - INFO - Adding job tentatively -- it will be properly scheduled when the scheduler starts
2026-09-17 12:01:59,239 - apscheduler.scheduler - INFO - Added job "Daily Document Check" to job store "default"
2026-09-17 12:01:59,240 - apscheduler.scheduler - INFO - Scheduler started
2026-09-17 12:01:59,240 - app.scheduler - INFO - Scheduler started successfully. Daily check scheduled for 9:00 AM.
2026-09-17 12:01:59,243 - httpx - INFO - HTTP Request: GET http://testserver/forgot-password "HTTP/1.1 200 OK"
2026-09-17 12:01:59,244 - apscheduler.scheduler - INFO - Scheduler has been shut down
2026-09-17 12:01:59,245 - app.scheduler - INFO - Scheduler shutdown successfully
2026-09-17 12:01:59,438 - apscheduler.scheduler - INFO - Adding job tentatively -- it will be properly scheduled when the scheduler starts
2026-09-17 12:01:59,438 - apscheduler.scheduler - INFO - Added job "Daily Document Check" to job store "default"
2026-09-17 12:01:59,438 - apscheduler.scheduler - INFO - Scheduler started
2026-09-17 12:01:59,438 - app.scheduler - INFO - Scheduler started successfully. Daily check scheduled for 9:00 AM.
2026-09-17 12:02:00,637 - app.main - ERROR - Failed to send password reset email: API key is invalid
2026-09-17 12:02:00,640 - httpx - INFO - HTTP Request: POST http://testserver/forgot-password "HTTP/1.1 200 OK"
2026-09-17 12:02:00,642 - apscheduler.scheduler - INFO - Scheduler has been shut down
2026-09-17 12:02:00,642 - app.scheduler - INFO - Scheduler shutdown successfully
2026-09-17 12:02:00,821 - apscheduler.scheduler - INFO - Adding job tentatively -- it will be properly scheduled when the scheduler starts
2026-09-17 12:02:00,822 - apscheduler.scheduler - INFO - Added job "Daily Document Check" to job store "default"
2026-09-17 12:02:00,822 - apscheduler.scheduler - INFO - Scheduler started
2026-09-17 12:02:00,822 - app.scheduler - INFO - Scheduler started successfully. Daily check scheduled for 9:00 AM.
2026-09-17 12:02:00,825 - httpx - INFO - HTTP Request: POST http://testserver/forgot-password "HTTP/1.1 200 OK"
2026-09-17 12:02:00,827 - apscheduler.scheduler - INFO - Scheduler has been shut down
2026-09-17 12:02:00,827 - app.scheduler - INFO - Scheduler shutdown successfully
2026-09-17 12:02:01,073 - apscheduler.scheduler - INFO - Adding job tentatively -- it will be properly scheduled when the scheduler starts
2026-09-17 12:02:01,074 - apscheduler.scheduler - INFO - Added job "Daily Document Check" to job store "default"
2026-09-17 12:02:01,074 - apscheduler.scheduler - INFO - Scheduler started
2026-09-17 12:02:01,075 - app.scheduler - INFO - Scheduler started successfully. Daily check scheduled for 9:00 AM.
2026-09-17 12:02:01,575 - app.main - INFO - Password reset successful for test@example.com
2026-09-17 12:02:01,575 - httpx - INFO - HTTP Request: POST http://testserver/reset-password "HTTP/1.1 200 OK"
2026-09-17 12:02:01,880 - apscheduler.scheduler - INFO - Scheduler has been shut down
2026-09-17 12:02:01,880 - app.scheduler - INFO - Scheduler shutdown successfully
2026-09-17 12:02:02,094 - apscheduler.scheduler - INFO - Adding job tentatively -- it will be properly scheduled when the scheduler starts
2026-09-17 12:02:02,095 - apscheduler.scheduler - INFO - Added job "Daily Document Check" to job store "default"
2026-09-17 12:02:02,095 - apscheduler.scheduler - INFO - Scheduler started
2026-09-17 12:02:02,096 - app.scheduler - INFO - Scheduler started successfully. Daily check scheduled for 9:00 AM.
2026-09-17 12:02:02,420 - httpx - INFO - HTTP Request: POST http://testserver/reset-password "HTTP/1.1 200 OK"
2026-09-17 12:02:02,422 - apscheduler.scheduler - INFO - Scheduler has been shut down
2026-09-17 12:02:02,422 - app.scheduler - INFO - Scheduler shutdown successfully
2026-09-17 12:02:02,728 - apscheduler.scheduler - INFO - Adding job tentatively -- it will be properly scheduled when the scheduler starts
2026-09-17 12:02:02,728 - apscheduler.scheduler - INFO - Added job "Daily Document Check" to job store "default"
2026-09-17 12:02:02,729 - apscheduler.scheduler - INFO - Scheduler started
2026-09-17 12:02:02,729 - app.scheduler - INFO - Scheduler started successfully. Daily check scheduled for 9:00 AM.
2026-09-17 12:02:03,083 - httpx - INFO - HTTP Request: POST http://testserver/reset-password "HTTP/1.1 200 OK"
2026-09-17 12:02:03,085 - apscheduler.scheduler - INFO - Scheduler has been shut down
2026-09-17 12:02:03,086 - app.scheduler - INFO - Scheduler shutdown successfully
2026-09-17 12:02:03,344 - apscheduler.scheduler - INFO - Adding job tentatively -- it will be properly scheduled when the scheduler starts
2026-09-17 12:02:03,345 - apscheduler.scheduler - INFO - Added job "Daily Document Check" to job store "default"
2026-09-17 12:02:03,345 - apscheduler.scheduler - INFO - Scheduler started
2026-09-17 12:02:03,346 - app.scheduler - INFO - Scheduler started successfully. Daily check scheduled for 9:00 AM.
2026-09-17 12:02:04,034 - app.main - INFO - Password reset successful for test@example.com
2026-09-17 12:02:04,035 - httpx - INFO - HTTP Request: POST http://testserver/reset-password "HTTP/1.1 200 OK"
2026-09-17 12:02:04,375 - app.main - INFO - Successful login for test@example.com
2026-09-17 12:02:04,376 - httpx - INFO - HTTP Request: POST http://testserver/login "HTTP/1.1 303 See Other"
2026-09-17 12:02:04,378 - apscheduler.scheduler - INFO - Scheduler has been shut down
2026-09-17 12:02:04,379 - app.scheduler - INFO - Scheduler shutdown successfully
2026-09-17 12:02:17,989 - apscheduler.scheduler - INFO - Adding job tentatively -- it will be properly scheduled when the scheduler starts
2026-09-17 12:02:17,989 - apscheduler.scheduler - INFO - Added job "Daily Document Check" to job store "default"
2026-09-17 12:02:17,989 - apscheduler.scheduler - INFO - Scheduler started
2026-09-17 12:02:17,991 - app.scheduler - INFO - Scheduler started successfully. Daily check scheduled for 9:00 AM.
2026-09-17 12:03:01,552 - app.main - INFO - Successful login for admin@rto.com
2026-09-18 15:19:45,023 - apscheduler.scheduler - INFO - Adding job tentatively -- it will be properly scheduled when the scheduler starts
2026-09-18 15:19:45,024 - apscheduler.scheduler - INFO - Added job "Daily Document Check" to job store "default"
2026-09-18 15:19:45,025 - apscheduler.scheduler - INFO - Scheduler started
2026-09-18 15:19:45,026 - app.scheduler - INFO - Scheduler started successfully. Daily check scheduled for 9:00 AM.
2026-09-18 15:19:46,100 - app.main - INFO - Successful login for admin@example.com
2026-09-18 15:19:46,103 - httpx - INFO - HTTP Request: POST http://testserver/login "HTTP/1.1 303 See Other"
2026-09-18 15:19:46,153 - httpx - INFO - HTTP Request: GET http://testserver/admin/data-deletion "HTTP/1.1 200 OK"
2026-09-18 15:19:46,159 - apscheduler.scheduler - INFO - Scheduler has been shut down
2026-09-18 15:19:46,160 - app.scheduler - INFO - Scheduler shutdown successfully
2026-09-18 15:27:58,169 - apscheduler.scheduler - INFO - Adding job tentatively -- it will be properly scheduled when the scheduler starts
2026-09-18 15:27:58,169 - apscheduler.scheduler - INFO - Added job "Daily Document Check" to job store "default"
2026-09-18 15:27:58,169 - apscheduler.scheduler - INFO - Scheduler started
2026-09-18 15:27:58,170 - app.scheduler - INFO - Scheduler started successfully. Daily check scheduled for 9:00 AM.
2026-09-18 15:27:58,570 - app.main - INFO - Successful login for admin@example.com
2026-09-18 15:27:58,572 - httpx - INFO - HTTP Request: POST http://testserver/login "HTTP/1.1 303 See Other"
2026-09-18 15:27:58,583 - httpx - INFO - HTTP Request: GET http://testserver/admin/data-deletion "HTTP/1.1 200 OK"
2026-09-18 15:27:58,584 - apscheduler.scheduler - INFO - Scheduler has been shut down
2026-09-18 15:27:58,585 - app.scheduler - INFO - Scheduler shutdown successfully
2026-09-18 15:27:58,727 - apscheduler.scheduler - INFO - Adding job tentatively -- it will be properly scheduled when the scheduler starts
2026-09-18 15:27:58,728 - apscheduler.scheduler - INFO - Added job "Daily Document Check" to job store "default"
2026-09-18 15:27:58,728 - apscheduler.scheduler - INFO - Scheduler started
2026-09-18 15:27:58,728 - app.scheduler - INFO - Scheduler started successfully. Daily check scheduled for 9:00 AM.
2026-09-18 15:27:59,112 - app.main - INFO - Successful login for staff@example.com
2026-09-18 15:27:59,113 - httpx - INFO - HTTP Request: POST http://testserver/login "HTTP/1.1 303 See Other"
2026-09-18 15:27:59,126 - httpx - INFO - HTTP Request: GET http://testserver/admin/data-deletion "HTTP/1.1 200 OK"
2026-09-18 15:27:59,180 - apscheduler.scheduler - INFO - Scheduler has been shut down
2026-09-18 15:27:59,180 - app.scheduler - INFO - Scheduler shutdown successfully
2026-09-18 15:27:59,321 - apscheduler.scheduler - INFO - Adding job tentatively -- it will be properly scheduled when the scheduler starts
2026-09-18 15:27:59,321 - apscheduler.scheduler - INFO - Added job "Daily Document Check" to job store "default"
2026-09-18 15:27:59,321 - apscheduler.scheduler - INFO - Scheduler started
2026-09-18 15:27:59,321 - app.scheduler - INFO - Scheduler started successfully. Daily check scheduled for 9:00 AM.
2026-09-18 15:27:59,707 - app.main - INFO - Successful login for admin@example.com
2026-09-18 15:27:59,708 - httpx - INFO - HTTP Request: POST http://testserver/login "HTTP/1.1 303 See Other"
2026-09-18 15:27:59,722 - httpx - INFO - HTTP Request: POST http://testserver/admin/delete-customer "HTTP/1.1 200 OK"
2026-09-18 15:27:59,727 - apscheduler.scheduler - INFO - Scheduler has been shut down
2026-09-18 15:27:59,727 - app.scheduler - INFO - Scheduler shutdown successfully
2026-09-18 15:27:59,860 - apscheduler.scheduler - INFO - Adding job tentatively -- it will be properly scheduled when the scheduler starts
2026-09-18 15:27:59,861 - apscheduler.scheduler - INFO - Added job "Daily Document Check" to job store "default"
2026-09-18 15:27:59,861 - apscheduler.scheduler - INFO - Scheduler started
2026-09-18 15:27:59,861 - app.scheduler - INFO - Scheduler started successfully. Daily check scheduled for 9:00 AM.
2026-09-18 15:28:00,249 - app.main - INFO - Successful login for admin@example.com
2026-09-18 15:28:00,249 - httpx - INFO - HTTP Request: POST http://testserver/login "HTTP/1.1 303 See Other"
2026-09-18 15:28:00,274 - app.main - ERROR - Error deleting customer 1: (sqlite3.IntegrityError) NOT NULL constraint failed: events.case_id
[SQL: INSERT INTO events (case_id, office_id, event_type, description, created_by) VALUES (?, ?, ?, ?, ?) RETURNING id, created_at]
[parameters: (None, 1, 'customer_deleted', 'Customer Test Customer (ID: 1) and all associated data permanently deleted by admin@example.com', 'admin@example.com')]
(Background on this error at: https://sqlalche.me/e/20/gkpj)
2026-09-18 15:28:00,275 - httpx - INFO - HTTP Request: POST http://testserver/admin/delete-customer "HTTP/1.1 200 OK"
2026-09-18 15:28:00,281 - apscheduler.scheduler - INFO - Scheduler has been shut down
2026-09-18 15:28:00,281 - app.scheduler - INFO - Scheduler shutdown successfully
2026-09-18 15:28:00,437 - apscheduler.scheduler - INFO - Adding job tentatively -- it will be properly scheduled when the scheduler starts
2026-09-18 15:28:00,437 - apscheduler.scheduler - INFO - Added job "Daily Document Check" to job store "default"
2026-09-18 15:28:00,437 - apscheduler.scheduler - INFO - Scheduler started
2026-09-18 15:28:00,437 - app.scheduler - INFO - Scheduler started successfully. Daily check scheduled for 9:00 AM.
2026-09-18 15:28:00,824 - app.main - INFO - Successful login for admin@example.com
2026-09-18 15:28:00,824 - httpx - INFO - HTTP Request: POST http://testserver/login "HTTP/1.1 303 See Other"
2026-09-18 15:28:00,836 - app.main - ERROR - Error deleting customer 1: (sqlite3.IntegrityError) NOT NULL constraint failed: events.case_id
[SQL: INSERT INTO events (case_id, office_id, event_type, description, created_by) VALUES (?, ?, ?, ?, ?) RETURNING id, created_at]
[parameters: (None, 1, 'customer_deleted', 'Customer Test Customer (ID: 1) and all associated data permanently deleted by admin@example.com', 'admin@example.com')]
(Background on this error at: https://sqlalche.me/e/20/gkpj)
2026-09-18 15:28:00,837 - httpx - INFO - HTTP Request: POST http://testserver/admin/delete-customer "HTTP/1.1 200 OK"
2026-09-18 15:28:00,841 - apscheduler.scheduler - INFO - Scheduler has been shut down
2026-09-18 15:28:00,842 - app.scheduler - INFO - Scheduler shutdown successfully
2026-09-18 15:28:01,009 - apscheduler.scheduler - INFO - Adding job tentatively -- it will be properly scheduled when the scheduler starts
2026-09-18 15:28:01,009 - apscheduler.scheduler - INFO - Added job "Daily Document Check" to job store "default"
2026-09-18 15:28:01,009 - apscheduler.scheduler - INFO - Scheduler started
2026-09-18 15:28:01,009 - app.scheduler - INFO - Scheduler started successfully. Daily check scheduled for 9:00 AM.
2026-09-18 15:28:01,398 - app.main - INFO - Successful login for admin@example.com
2026-09-18 15:28:01,399 - httpx - INFO - HTTP Request: POST http://testserver/login "HTTP/1.1 303 See Other"
2026-09-18 15:28:01,409 - httpx - INFO - HTTP Request: POST http://testserver/admin/delete-customer "HTTP/1.1 200 OK"
2026-09-18 15:28:01,410 - apscheduler.scheduler - INFO - Scheduler has been shut down
2026-09-18 15:28:01,410 - app.scheduler - INFO - Scheduler shutdown successfully
2026-09-18 15:28:01,568 - apscheduler.scheduler - INFO - Adding job tentatively -- it will be properly scheduled when the scheduler starts
2026-09-18 15:28:01,568 - apscheduler.scheduler - INFO - Added job "Daily Document Check" to job store "default"
2026-09-18 15:28:01,568 - apscheduler.scheduler - INFO - Scheduler started
2026-09-18 15:28:01,569 - app.scheduler - INFO - Scheduler started successfully. Daily check scheduled for 9:00 AM.
2026-09-18 15:28:01,963 - app.main - INFO - Successful login for admin@example.com
2026-09-18 15:28:01,963 - httpx - INFO - HTTP Request: POST http://testserver/login "HTTP/1.1 303 See Other"
2026-09-18 15:28:01,967 - httpx - INFO - HTTP Request: POST http://testserver/admin/delete-customer "HTTP/1.1 200 OK"
2026-09-18 15:28:01,968 - apscheduler.scheduler - INFO - Scheduler has been shut down
2026-09-18 15:28:01,969 - app.scheduler - INFO - Scheduler shutdown successfully
2026-09-18 15:28:02,127 - apscheduler.scheduler - INFO - Adding job tentatively -- it will be properly scheduled when the scheduler starts
2026-09-18 15:28:02,127 - apscheduler.scheduler - INFO - Added job "Daily Document Check" to job store "default"
2026-09-18 15:28:02,127 - apscheduler.scheduler - INFO - Scheduler started
2026-09-18 15:28:02,128 - app.scheduler - INFO - Scheduler started successfully. Daily check scheduled for 9:00 AM.
2026-09-18 15:28:02,136 - httpx - INFO - HTTP Request: GET http://testserver/status "HTTP/1.1 200 OK"
2026-09-18 15:28:02,137 - httpx - INFO - HTTP Request: GET http://testserver/status "HTTP/1.1 200 OK"
2026-09-18 15:28:02,138 - httpx - INFO - HTTP Request: GET http://testserver/status "HTTP/1.1 200 OK"
2026-09-18 15:28:02,140 - httpx - INFO - HTTP Request: GET http://testserver/status "HTTP/1.1 200 OK"
2026-09-18 15:28:02,141 - httpx - INFO - HTTP Request: GET http://testserver/status "HTTP/1.1 200 OK"
2026-09-18 15:28:02,142 - slowapi - WARNING - ratelimit 10 per 1 minute (testclient) exceeded at endpoint: /status
2026-09-18 15:28:02,143 - httpx - INFO - HTTP Request: GET http://testserver/status "HTTP/1.1 429 Too Many Requests"
2026-09-18 15:28:02,143 - slowapi - WARNING - ratelimit 10 per 1 minute (testclient) exceeded at endpoint: /status
2026-09-18 15:28:02,144 - httpx - INFO - HTTP Request: GET http://testserver/status "HTTP/1.1 429 Too Many Requests"
2026-09-18 15:28:02,144 - slowapi - WARNING - ratelimit 10 per 1 minute (testclient) exceeded at endpoint: /status
2026-09-18 15:28:02,145 - httpx - INFO - HTTP Request: GET http://testserver/status "HTTP/1.1 429 Too Many Requests"
2026-09-18 15:28:02,146 - slowapi - WARNING - ratelimit 10 per 1 minute (testclient) exceeded at endpoint: /status
2026-09-18 15:28:02,147 - httpx - INFO - HTTP Request: GET http://testserver/status "HTTP/1.1 429 Too Many Requests"
2026-09-18 15:28:02,147 - slowapi - WARNING - ratelimit 10 per 1 minute (testclient) exceeded at endpoint: /status
2026-09-18 15:28:02,148 - httpx - INFO - HTTP Request: GET http://testserver/status "HTTP/1.1 429 Too Many Requests"
2026-09-18 15:28:02,148 - slowapi - WARNING - ratelimit 10 per 1 minute (testclient) exceeded at endpoint: /status
2026-09-18 15:28:02,149 - httpx - INFO - HTTP Request: GET http://testserver/status "HTTP/1.1 429 Too Many Requests"
2026-09-18 15:28:02,152 - apscheduler.scheduler - INFO - Scheduler has been shut down
2026-09-18 15:28:02,153 - app.scheduler - INFO - Scheduler shutdown successfully
2026-09-18 15:28:02,289 - apscheduler.scheduler - INFO - Adding job tentatively -- it will be properly scheduled when the scheduler starts
2026-09-18 15:28:02,289 - apscheduler.scheduler - INFO - Added job "Daily Document Check" to job store "default"
2026-09-18 15:28:02,289 - apscheduler.scheduler - INFO - Scheduler started
2026-09-18 15:28:02,289 - app.scheduler - INFO - Scheduler started successfully. Daily check scheduled for 9:00 AM.
2026-09-18 15:28:02,296 - httpx - INFO - HTTP Request: POST http://testserver/status "HTTP/1.1 200 OK"
2026-09-18 15:28:02,299 - httpx - INFO - HTTP Request: POST http://testserver/status "HTTP/1.1 200 OK"
2026-09-18 15:28:02,300 - slowapi - WARNING - ratelimit 5 per 1 minute (testclient) exceeded at endpoint: /status
2026-09-18 15:28:02,300 - httpx - INFO - HTTP Request: POST http://testserver/status "HTTP/1.1 429 Too Many Requests"
2026-09-18 15:28:02,301 - slowapi - WARNING - ratelimit 5 per 1 minute (testclient) exceeded at endpoint: /status
2026-09-18 15:28:02,302 - httpx - INFO - HTTP Request: POST http://testserver/status "HTTP/1.1 429 Too Many Requests"
2026-09-18 15:28:02,302 - slowapi - WARNING - ratelimit 5 per 1 minute (testclient) exceeded at endpoint: /status
2026-09-18 15:28:02,303 - httpx - INFO - HTTP Request: POST http://testserver/status "HTTP/1.1 429 Too Many Requests"
2026-09-18 15:28:02,303 - slowapi - WARNING - ratelimit 5 per 1 minute (testclient) exceeded at endpoint: /status
2026-09-18 15:28:02,304 - httpx - INFO - HTTP Request: POST http://testserver/status "HTTP/1.1 429 Too Many Requests"
2026-09-18 15:28:02,305 - apscheduler.scheduler - INFO - Scheduler has been shut down
2026-09-18 15:28:02,305 - app.scheduler - INFO - Scheduler shutdown successfully
2026-09-18 15:28:02,458 - apscheduler.scheduler - INFO - Adding job tentatively -- it will be properly scheduled when the scheduler starts
2026-09-18 15:28:02,458 - apscheduler.scheduler - INFO - Added job "Daily Document Check" to job store "default"
2026-09-18 15:28:02,458 - apscheduler.scheduler - INFO - Scheduler started
2026-09-18 15:28:02,459 - app.scheduler - INFO - Scheduler started successfully. Daily check scheduled for 9:00 AM.
2026-09-18 15:28:02,855 - app.main - INFO - Successful login for test@example.com
2026-09-18 15:28:02,855 - httpx - INFO - HTTP Request: POST http://testserver/login "HTTP/1.1 303 See Other"
2026-09-18 15:28:02,858 - slowapi - WARNING - ratelimit 10 per 1 minute (testclient) exceeded at endpoint: /status
2026-09-18 15:28:02,858 - httpx - INFO - HTTP Request: GET http://testserver/status "HTTP/1.1 429 Too Many Requests"
2026-09-18 15:28:02,861 - apscheduler.scheduler - INFO - Scheduler has been shut down
2026-09-18 15:28:02,862 - app.scheduler - INFO - Scheduler shutdown successfully
2026-09-18 15:28:03,005 - apscheduler.scheduler - INFO - Adding job tentatively -- it will be properly scheduled when the scheduler starts
2026-09-18 15:28:03,005 - apscheduler.scheduler - INFO - Added job "Daily Document Check" to job store "default"
2026-09-18 15:28:03,005 - apscheduler.scheduler - INFO - Scheduler started
2026-09-18 15:28:03,006 - app.scheduler - INFO - Scheduler started successfully. Daily check scheduled for 9:00 AM.
2026-09-18 15:28:03,394 - app.main - INFO - Successful login for admin@example.com
2026-09-18 15:28:03,395 - httpx - INFO - HTTP Request: POST http://testserver/login "HTTP/1.1 303 See Other"
2026-09-18 15:28:03,404 - httpx - INFO - HTTP Request: GET http://testserver/admin/audit-log "HTTP/1.1 200 OK"
2026-09-18 15:28:03,405 - apscheduler.scheduler - INFO - Scheduler has been shut down
2026-09-18 15:28:03,406 - app.scheduler - INFO - Scheduler shutdown successfully
2026-09-18 15:28:03,555 - apscheduler.scheduler - INFO - Adding job tentatively -- it will be properly scheduled when the scheduler starts
2026-09-18 15:28:03,555 - apscheduler.scheduler - INFO - Added job "Daily Document Check" to job store "default"
2026-09-18 15:28:03,555 - apscheduler.scheduler - INFO - Scheduler started
2026-09-18 15:28:03,555 - app.scheduler - INFO - Scheduler started successfully. Daily check scheduled for 9:00 AM.
2026-09-18 15:28:03,942 - app.main - INFO - Successful login for staff@example.com
2026-09-18 15:28:03,942 - httpx - INFO - HTTP Request: POST http://testserver/login "HTTP/1.1 303 See Other"
2026-09-18 15:28:03,947 - httpx - INFO - HTTP Request: GET http://testserver/admin/audit-log "HTTP/1.1 200 OK"
2026-09-18 15:28:03,951 - apscheduler.scheduler - INFO - Scheduler has been shut down
2026-09-18 15:28:03,951 - app.scheduler - INFO - Scheduler shutdown successfully
2026-09-18 15:28:04,101 - apscheduler.scheduler - INFO - Adding job tentatively -- it will be properly scheduled when the scheduler starts
2026-09-18 15:28:04,101 - apscheduler.scheduler - INFO - Added job "Daily Document Check" to job store "default"
2026-09-18 15:28:04,101 - apscheduler.scheduler - INFO - Scheduler started
2026-09-18 15:28:04,102 - app.scheduler - INFO - Scheduler started successfully. Daily check scheduled for 9:00 AM.
2026-09-18 15:28:04,491 - app.main - INFO - Successful login for admin@example.com
2026-09-18 15:28:04,491 - httpx - INFO - HTTP Request: POST http://testserver/login "HTTP/1.1 303 See Other"
2026-09-18 15:28:04,508 - httpx - INFO - HTTP Request: GET http://testserver/admin/audit-log "HTTP/1.1 200 OK"
2026-09-18 15:28:04,509 - apscheduler.scheduler - INFO - Scheduler has been shut down
2026-09-18 15:28:04,509 - app.scheduler - INFO - Scheduler shutdown successfully
2026-09-18 15:28:04,665 - apscheduler.scheduler - INFO - Adding job tentatively -- it will be properly scheduled when the scheduler starts
2026-09-18 15:28:04,665 - apscheduler.scheduler - INFO - Added job "Daily Document Check" to job store "default"
2026-09-18 15:28:04,665 - apscheduler.scheduler - INFO - Scheduler started
2026-09-18 15:28:04,666 - app.scheduler - INFO - Scheduler started successfully. Daily check scheduled for 9:00 AM.
2026-09-18 15:28:05,069 - app.main - INFO - Successful login for admin@example.com
2026-09-18 15:28:05,070 - httpx - INFO - HTTP Request: POST http://testserver/login "HTTP/1.1 303 See Other"
2026-09-18 15:28:05,086 - httpx - INFO - HTTP Request: GET http://testserver/admin/audit-log?case_id=1 "HTTP/1.1 200 OK"
2026-09-18 15:28:05,090 - apscheduler.scheduler - INFO - Scheduler has been shut down
2026-09-18 15:28:05,090 - app.scheduler - INFO - Scheduler shutdown successfully
2026-09-18 15:28:05,239 - apscheduler.scheduler - INFO - Adding job tentatively -- it will be properly scheduled when the scheduler starts
2026-09-18 15:28:05,239 - apscheduler.scheduler - INFO - Added job "Daily Document Check" to job store "default"
2026-09-18 15:28:05,239 - apscheduler.scheduler - INFO - Scheduler started
2026-09-18 15:28:05,240 - app.scheduler - INFO - Scheduler started successfully. Daily check scheduled for 9:00 AM.
2026-09-18 15:28:05,639 - app.main - INFO - Successful login for admin@example.com
2026-09-18 15:28:05,639 - httpx - INFO - HTTP Request: POST http://testserver/login "HTTP/1.1 303 See Other"
2026-09-18 15:28:05,661 - httpx - INFO - HTTP Request: GET http://testserver/admin/audit-log?start_date=2026-09-18&end_date=2026-09-18 "HTTP/1.1 200 OK"
2026-09-18 15:28:05,663 - apscheduler.scheduler - INFO - Scheduler has been shut down
2026-09-18 15:28:05,663 - app.scheduler - INFO - Scheduler shutdown successfully
2026-09-18 15:28:05,836 - apscheduler.scheduler - INFO - Adding job tentatively -- it will be properly scheduled when the scheduler starts
2026-09-18 15:28:05,837 - apscheduler.scheduler - INFO - Added job "Daily Document Check" to job store "default"
2026-09-18 15:28:05,837 - apscheduler.scheduler - INFO - Scheduler started
2026-09-18 15:28:05,837 - app.scheduler - INFO - Scheduler started successfully. Daily check scheduled for 9:00 AM.
2026-09-18 15:28:06,242 - app.main - INFO - Successful login for admin@example.com
2026-09-18 15:28:06,243 - httpx - INFO - HTTP Request: POST http://testserver/login "HTTP/1.1 303 See Other"
2026-09-18 15:28:06,259 - httpx - INFO - HTTP Request: GET http://testserver/admin/audit-log "HTTP/1.1 200 OK"
2026-09-18 15:28:06,260 - apscheduler.scheduler - INFO - Scheduler has been shut down
2026-09-18 15:28:06,261 - app.scheduler - INFO - Scheduler shutdown successfully
2026-09-18 15:28:06,405 - apscheduler.scheduler - INFO - Adding job tentatively -- it will be properly scheduled when the scheduler starts
2026-09-18 15:28:06,405 - apscheduler.scheduler - INFO - Added job "Daily Document Check" to job store "default"
2026-09-18 15:28:06,405 - apscheduler.scheduler - INFO - Scheduler started
2026-09-18 15:28:06,405 - app.scheduler - INFO - Scheduler started successfully. Daily check scheduled for 9:00 AM.
2026-09-18 15:28:06,800 - app.main - INFO - Successful login for admin@example.com
2026-09-18 15:28:06,800 - httpx - INFO - HTTP Request: POST http://testserver/login "HTTP/1.1 303 See Other"
2026-09-18 15:28:06,820 - httpx - INFO - HTTP Request: GET http://testserver/admin/audit-log "HTTP/1.1 200 OK"
2026-09-18 15:28:06,821 - apscheduler.scheduler - INFO - Scheduler has been shut down
2026-09-18 15:28:06,821 - app.scheduler - INFO - Scheduler shutdown successfully
2026-09-18 15:28:06,970 - apscheduler.scheduler - INFO - Adding job tentatively -- it will be properly scheduled when the scheduler starts
2026-09-18 15:28:06,970 - apscheduler.scheduler - INFO - Added job "Daily Document Check" to job store "default"
2026-09-18 15:28:06,970 - apscheduler.scheduler - INFO - Scheduler started
2026-09-18 15:28:06,971 - app.scheduler - INFO - Scheduler started successfully. Daily check scheduled for 9:00 AM.
2026-09-18 15:28:07,366 - app.main - INFO - Successful login for admin@example.com
2026-09-18 15:28:07,366 - httpx - INFO - HTTP Request: POST http://testserver/login "HTTP/1.1 303 See Other"
2026-09-18 15:28:07,376 - httpx - INFO - HTTP Request: GET http://testserver/admin/audit-log "HTTP/1.1 200 OK"
2026-09-18 15:28:07,377 - apscheduler.scheduler - INFO - Scheduler has been shut down
2026-09-18 15:28:07,377 - app.scheduler - INFO - Scheduler shutdown successfully
2026-09-18 15:30:11,235 - apscheduler.scheduler - INFO - Adding job tentatively -- it will be properly scheduled when the scheduler starts
2026-09-18 15:30:11,235 - apscheduler.scheduler - INFO - Added job "Daily Document Check" to job store "default"
2026-09-18 15:30:11,235 - apscheduler.scheduler - INFO - Scheduler started
2026-09-18 15:30:11,236 - app.scheduler - INFO - Scheduler started successfully. Daily check scheduled for 9:00 AM.
2026-09-18 15:30:11,638 - app.main - INFO - Successful login for admin@example.com
2026-09-18 15:30:11,639 - httpx - INFO - HTTP Request: POST http://testserver/login "HTTP/1.1 303 See Other"
2026-09-18 15:30:11,649 - httpx - INFO - HTTP Request: GET http://testserver/admin/data-deletion "HTTP/1.1 200 OK"
2026-09-18 15:30:11,650 - apscheduler.scheduler - INFO - Scheduler has been shut down
2026-09-18 15:30:11,651 - app.scheduler - INFO - Scheduler shutdown successfully
2026-09-18 15:30:11,780 - apscheduler.scheduler - INFO - Adding job tentatively -- it will be properly scheduled when the scheduler starts
2026-09-18 15:30:11,780 - apscheduler.scheduler - INFO - Added job "Daily Document Check" to job store "default"
2026-09-18 15:30:11,780 - apscheduler.scheduler - INFO - Scheduler started
2026-09-18 15:30:11,781 - app.scheduler - INFO - Scheduler started successfully. Daily check scheduled for 9:00 AM.
2026-09-18 15:30:12,166 - app.main - INFO - Successful login for staff@example.com
2026-09-18 15:30:12,168 - httpx - INFO - HTTP Request: POST http://testserver/login "HTTP/1.1 303 See Other"
2026-09-18 15:30:12,179 - httpx - INFO - HTTP Request: GET http://testserver/admin/data-deletion "HTTP/1.1 200 OK"
2026-09-18 15:30:12,180 - apscheduler.scheduler - INFO - Scheduler has been shut down
2026-09-18 15:30:12,180 - app.scheduler - INFO - Scheduler shutdown successfully
2026-09-18 15:30:12,316 - apscheduler.scheduler - INFO - Adding job tentatively -- it will be properly scheduled when the scheduler starts
2026-09-18 15:30:12,316 - apscheduler.scheduler - INFO - Added job "Daily Document Check" to job store "default"
2026-09-18 15:30:12,316 - apscheduler.scheduler - INFO - Scheduler started
2026-09-18 15:30:12,317 - app.scheduler - INFO - Scheduler started successfully. Daily check scheduled for 9:00 AM.
2026-09-18 15:30:12,703 - app.main - INFO - Successful login for admin@example.com
2026-09-18 15:30:12,703 - httpx - INFO - HTTP Request: POST http://testserver/login "HTTP/1.1 303 See Other"
2026-09-18 15:30:12,716 - httpx - INFO - HTTP Request: POST http://testserver/admin/delete-customer "HTTP/1.1 200 OK"
2026-09-18 15:30:12,772 - apscheduler.scheduler - INFO - Scheduler has been shut down
2026-09-18 15:30:12,772 - app.scheduler - INFO - Scheduler shutdown successfully
2026-09-18 15:30:12,904 - apscheduler.scheduler - INFO - Adding job tentatively -- it will be properly scheduled when the scheduler starts
2026-09-18 15:30:12,904 - apscheduler.scheduler - INFO - Added job "Daily Document Check" to job store "default"
2026-09-18 15:30:12,905 - apscheduler.scheduler - INFO - Scheduler started
2026-09-18 15:30:12,905 - app.scheduler - INFO - Scheduler started successfully. Daily check scheduled for 9:00 AM.
2026-09-18 15:30:13,290 - app.main - INFO - Successful login for admin@example.com
2026-09-18 15:30:13,291 - httpx - INFO - HTTP Request: POST http://testserver/login "HTTP/1.1 303 See Other"
2026-09-18 15:30:13,309 - app.main - ERROR - Error deleting customer 1: (sqlite3.IntegrityError) NOT NULL constraint failed: events.case_id
[SQL: INSERT INTO events (case_id, office_id, event_type, description, created_by) VALUES (?, ?, ?, ?, ?) RETURNING id, created_at]
[parameters: (None, 1, 'customer_deleted', 'Customer Test Customer (ID: 1) and all associated data permanently deleted by admin@example.com', 'admin@example.com')]
(Background on this error at: https://sqlalche.me/e/20/gkpj)
2026-09-18 15:30:13,310 - httpx - INFO - HTTP Request: POST http://testserver/admin/delete-customer "HTTP/1.1 200 OK"
2026-09-18 15:30:13,315 - apscheduler.scheduler - INFO - Scheduler has been shut down
2026-09-18 15:30:13,315 - app.scheduler - INFO - Scheduler shutdown successfully
2026-09-18 15:30:13,446 - apscheduler.scheduler - INFO - Adding job tentatively -- it will be properly scheduled when the scheduler starts
2026-09-18 15:30:13,446 - apscheduler.scheduler - INFO - Added job "Daily Document Check" to job store "default"
2026-09-18 15:30:13,446 - apscheduler.scheduler - INFO - Scheduler started
2026-09-18 15:30:13,447 - app.scheduler - INFO - Scheduler started successfully. Daily check scheduled for 9:00 AM.
2026-09-18 15:30:13,836 - app.main - INFO - Successful login for admin@example.com
2026-09-18 15:30:13,837 - httpx - INFO - HTTP Request: POST http://testserver/login "HTTP/1.1 303 See Other"
2026-09-18 15:30:13,849 - apscheduler.scheduler - INFO - Scheduler has been shut down
2026-09-18 15:30:13,849 - app.scheduler - INFO - Scheduler shutdown successfully
2026-09-18 15:30:13,994 - apscheduler.scheduler - INFO - Adding job tentatively -- it will be properly scheduled when the scheduler starts
2026-09-18 15:30:13,994 - apscheduler.scheduler - INFO - Added job "Daily Document Check" to job store "default"
2026-09-18 15:30:13,994 - apscheduler.scheduler - INFO - Scheduler started
2026-09-18 15:30:13,994 - app.scheduler - INFO - Scheduler started successfully. Daily check scheduled for 9:00 AM.
2026-09-18 15:30:14,387 - app.main - INFO - Successful login for admin@example.com
2026-09-18 15:30:14,387 - httpx - INFO - HTTP Request: POST http://testserver/login "HTTP/1.1 303 See Other"
2026-09-18 15:30:14,398 - httpx - INFO - HTTP Request: POST http://testserver/admin/delete-customer "HTTP/1.1 200 OK"
2026-09-18 15:30:14,399 - apscheduler.scheduler - INFO - Scheduler has been shut down
2026-09-18 15:30:14,400 - app.scheduler - INFO - Scheduler shutdown successfully
2026-09-18 15:30:14,554 - apscheduler.scheduler - INFO - Adding job tentatively -- it will be properly scheduled when the scheduler starts
2026-09-18 15:30:14,554 - apscheduler.scheduler - INFO - Added job "Daily Document Check" to job store "default"
2026-09-18 15:30:14,554 - apscheduler.scheduler - INFO - Scheduler started
2026-09-18 15:30:14,555 - app.scheduler - INFO - Scheduler started successfully. Daily check scheduled for 9:00 AM.
2026-09-18 15:30:14,944 - app.main - INFO - Successful login for admin@example.com
2026-09-18 15:30:14,944 - httpx - INFO - HTTP Request: POST http://testserver/login "HTTP/1.1 303 See Other"
2026-09-18 15:30:14,948 - httpx - INFO - HTTP Request: POST http://testserver/admin/delete-customer "HTTP/1.1 200 OK"
2026-09-18 15:30:14,949 - apscheduler.scheduler - INFO - Scheduler has been shut down
2026-09-18 15:30:14,949 - app.scheduler - INFO - Scheduler shutdown successfully
2026-09-18 15:30:15,101 - apscheduler.scheduler - INFO - Adding job tentatively -- it will be properly scheduled when the scheduler starts
2026-09-18 15:30:15,101 - apscheduler.scheduler - INFO - Added job "Daily Document Check" to job store "default"
2026-09-18 15:30:15,101 - apscheduler.scheduler - INFO - Scheduler started
2026-09-18 15:30:15,102 - app.scheduler - INFO - Scheduler started successfully. Daily check scheduled for 9:00 AM.
2026-09-18 15:30:15,110 - httpx - INFO - HTTP Request: GET http://testserver/status "HTTP/1.1 200 OK"
2026-09-18 15:30:15,111 - httpx - INFO - HTTP Request: GET http://testserver/status "HTTP/1.1 200 OK"
2026-09-18 15:30:15,112 - httpx - INFO - HTTP Request: GET http://testserver/status "HTTP/1.1 200 OK"
2026-09-18 15:30:15,112 - httpx - INFO - HTTP Request: GET http://testserver/status "HTTP/1.1 200 OK"
2026-09-18 15:30:15,113 - httpx - INFO - HTTP Request: GET http://testserver/status "HTTP/1.1 200 OK"
2026-09-18 15:30:15,113 - slowapi - WARNING - ratelimit 10 per 1 minute (testclient) exceeded at endpoint: /status
2026-09-18 15:30:15,114 - httpx - INFO - HTTP Request: GET http://testserver/status "HTTP/1.1 429 Too Many Requests"
2026-09-18 15:30:15,115 - slowapi - WARNING - ratelimit 10 per 1 minute (testclient) exceeded at endpoint: /status
2026-09-18 15:30:15,115 - httpx - INFO - HTTP Request: GET http://testserver/status "HTTP/1.1 429 Too Many Requests"
2026-09-18 15:30:15,116 - slowapi - WARNING - ratelimit 10 per 1 minute (testclient) exceeded at endpoint: /status
2026-09-18 15:30:15,117 - httpx - INFO - HTTP Request: GET http://testserver/status "HTTP/1.1 429 Too Many Requests"
2026-09-18 15:30:15,118 - slowapi - WARNING - ratelimit 10 per 1 minute (testclient) exceeded at endpoint: /status
2026-09-18 15:30:15,119 - httpx - INFO - HTTP Request: GET http://testserver/status "HTTP/1.1 429 Too Many Requests"
2026-09-18 15:30:15,119 - slowapi - WARNING - ratelimit 10 per 1 minute (testclient) exceeded at endpoint: /status
2026-09-18 15:30:15,120 - httpx - INFO - HTTP Request: GET http://testserver/status "HTTP/1.1 429 Too Many Requests"
2026-09-18 15:30:15,120 - slowapi - WARNING - ratelimit 10 per 1 minute (testclient) exceeded at endpoint: /status
2026-09-18 15:30:15,121 - httpx - INFO - HTTP Request: GET http://testserver/status "HTTP/1.1 429 Too Many Requests"
2026-09-18 15:30:15,125 - apscheduler.scheduler - INFO - Scheduler has been shut down
2026-09-18 15:30:15,125 - app.scheduler - INFO - Scheduler shutdown successfully
2026-09-18 15:30:15,270 - apscheduler.scheduler - INFO - Adding job tentatively -- it will be properly scheduled when the scheduler starts
2026-09-18 15:30:15,270 - apscheduler.scheduler - INFO - Added job "Daily Document Check" to job store "default"
2026-09-18 15:30:15,270 - apscheduler.scheduler - INFO - Scheduler started
2026-09-18 15:30:15,271 - app.scheduler - INFO - Scheduler started successfully. Daily check scheduled for 9:00 AM.
2026-09-18 15:30:15,277 - httpx - INFO - HTTP Request: POST http://testserver/status "HTTP/1.1 200 OK"
2026-09-18 15:30:15,280 - httpx - INFO - HTTP Request: POST http://testserver/status "HTTP/1.1 200 OK"
2026-09-18 15:30:15,280 - slowapi - WARNING - ratelimit 5 per 1 minute (testclient) exceeded at endpoint: /status
2026-09-18 15:30:15,281 - httpx - INFO - HTTP Request: POST http://testserver/status "HTTP/1.1 429 Too Many Requests"
2026-09-18 15:30:15,282 - slowapi - WARNING - ratelimit 5 per 1 minute (testclient) exceeded at endpoint: /status
2026-09-18 15:30:15,282 - httpx - INFO - HTTP Request: POST http://testserver/status "HTTP/1.1 429 Too Many Requests"
2026-09-18 15:30:15,284 - slowapi - WARNING - ratelimit 5 per 1 minute (testclient) exceeded at endpoint: /status
2026-09-18 15:30:15,285 - httpx - INFO - HTTP Request: POST http://testserver/status "HTTP/1.1 429 Too Many Requests"
2026-09-18 15:30:15,286 - slowapi - WARNING - ratelimit 5 per 1 minute (testclient) exceeded at endpoint: /status
2026-09-18 15:30:15,287 - httpx - INFO - HTTP Request: POST http://testserver/status "HTTP/1.1 429 Too Many Requests"
2026-09-18 15:30:15,288 - apscheduler.scheduler - INFO - Scheduler has been shut down
2026-09-18 15:30:15,288 - app.scheduler - INFO - Scheduler shutdown successfully
2026-09-18 15:30:15,435 - apscheduler.scheduler - INFO - Adding job tentatively -- it will be properly scheduled when the scheduler starts
2026-09-18 15:30:15,436 - apscheduler.scheduler - INFO - Added job "Daily Document Check" to job store "default"
2026-09-18 15:30:15,436 - apscheduler.scheduler - INFO - Scheduler started
2026-09-18 15:30:15,436 - app.scheduler - INFO - Scheduler started successfully. Daily check scheduled for 9:00 AM.
2026-09-18 15:30:15,825 - app.main - INFO - Successful login for test@example.com
2026-09-18 15:30:15,825 - httpx - INFO - HTTP Request: POST http://testserver/login "HTTP/1.1 303 See Other"
2026-09-18 15:30:15,828 - slowapi - WARNING - ratelimit 10 per 1 minute (testclient) exceeded at endpoint: /status
2026-09-18 15:30:15,828 - httpx - INFO - HTTP Request: GET http://testserver/status "HTTP/1.1 429 Too Many Requests"
2026-09-18 15:30:15,831 - apscheduler.scheduler - INFO - Scheduler has been shut down
2026-09-18 15:30:15,831 - app.scheduler - INFO - Scheduler shutdown successfully
2026-09-18 15:30:15,980 - apscheduler.scheduler - INFO - Adding job tentatively -- it will be properly scheduled when the scheduler starts
2026-09-18 15:30:15,980 - apscheduler.scheduler - INFO - Added job "Daily Document Check" to job store "default"
2026-09-18 15:30:15,980 - apscheduler.scheduler - INFO - Scheduler started
2026-09-18 15:30:15,980 - app.scheduler - INFO - Scheduler started successfully. Daily check scheduled for 9:00 AM.
2026-09-18 15:30:16,369 - app.main - INFO - Successful login for admin@example.com
2026-09-18 15:30:16,370 - httpx - INFO - HTTP Request: POST http://testserver/login "HTTP/1.1 303 See Other"
2026-09-18 15:30:16,377 - httpx - INFO - HTTP Request: GET http://testserver/admin/audit-log "HTTP/1.1 200 OK"
2026-09-18 15:30:16,379 - apscheduler.scheduler - INFO - Scheduler has been shut down
2026-09-18 15:30:16,379 - app.scheduler - INFO - Scheduler shutdown successfully
2026-09-18 15:30:16,524 - apscheduler.scheduler - INFO - Adding job tentatively -- it will be properly scheduled when the scheduler starts
2026-09-18 15:30:16,524 - apscheduler.scheduler - INFO - Added job "Daily Document Check" to job store "default"
2026-09-18 15:30:16,524 - apscheduler.scheduler - INFO - Scheduler started
2026-09-18 15:30:16,525 - app.scheduler - INFO - Scheduler started successfully. Daily check scheduled for 9:00 AM.
2026-09-18 15:30:16,909 - app.main - INFO - Successful login for staff@example.com
2026-09-18 15:30:16,910 - httpx - INFO - HTTP Request: POST http://testserver/login "HTTP/1.1 303 See Other"
2026-09-18 15:30:16,913 - httpx - INFO - HTTP Request: GET http://testserver/admin/audit-log "HTTP/1.1 200 OK"
2026-09-18 15:30:16,914 - apscheduler.scheduler - INFO - Scheduler has been shut down
2026-09-18 15:30:16,914 - app.scheduler - INFO - Scheduler shutdown successfully
2026-09-18 15:30:17,053 - apscheduler.scheduler - INFO - Adding job tentatively -- it will be properly scheduled when the scheduler starts
2026-09-18 15:30:17,053 - apscheduler.scheduler - INFO - Added job "Daily Document Check" to job store "default"
2026-09-18 15:30:17,053 - apscheduler.scheduler - INFO - Scheduler started
2026-09-18 15:30:17,054 - app.scheduler - INFO - Scheduler started successfully. Daily check scheduled for 9:00 AM.
2026-09-18 15:30:17,439 - app.main - INFO - Successful login for admin@example.com
2026-09-18 15:30:17,440 - httpx - INFO - HTTP Request: POST http://testserver/login "HTTP/1.1 303 See Other"
2026-09-18 15:30:17,456 - httpx - INFO - HTTP Request: GET http://testserver/admin/audit-log "HTTP/1.1 200 OK"
2026-09-18 15:30:17,457 - apscheduler.scheduler - INFO - Scheduler has been shut down
2026-09-18 15:30:17,457 - app.scheduler - INFO - Scheduler shutdown successfully
2026-09-18 15:30:17,601 - apscheduler.scheduler - INFO - Adding job tentatively -- it will be properly scheduled when the scheduler starts
2026-09-18 15:30:17,601 - apscheduler.scheduler - INFO - Added job "Daily Document Check" to job store "default"
2026-09-18 15:30:17,602 - apscheduler.scheduler - INFO - Scheduler started
2026-09-18 15:30:17,602 - app.scheduler - INFO - Scheduler started successfully. Daily check scheduled for 9:00 AM.
2026-09-18 15:30:17,982 - app.main - INFO - Successful login for admin@example.com
2026-09-18 15:30:17,983 - httpx - INFO - HTTP Request: POST http://testserver/login "HTTP/1.1 303 See Other"
2026-09-18 15:30:18,002 - httpx - INFO - HTTP Request: GET http://testserver/admin/audit-log?case_id=1 "HTTP/1.1 200 OK"
2026-09-18 15:30:18,003 - apscheduler.scheduler - INFO - Scheduler has been shut down
2026-09-18 15:30:18,004 - app.scheduler - INFO - Scheduler shutdown successfully
2026-09-18 15:30:18,149 - apscheduler.scheduler - INFO - Adding job tentatively -- it will be properly scheduled when the scheduler starts
2026-09-18 15:30:18,149 - apscheduler.scheduler - INFO - Added job "Daily Document Check" to job store "default"
2026-09-18 15:30:18,149 - apscheduler.scheduler - INFO - Scheduler started
2026-09-18 15:30:18,150 - app.scheduler - INFO - Scheduler started successfully. Daily check scheduled for 9:00 AM.
2026-09-18 15:30:18,540 - app.main - INFO - Successful login for admin@example.com
2026-09-18 15:30:18,541 - httpx - INFO - HTTP Request: POST http://testserver/login "HTTP/1.1 303 See Other"
2026-09-18 15:30:18,560 - httpx - INFO - HTTP Request: GET http://testserver/admin/audit-log?start_date=2026-09-18&end_date=2026-09-18 "HTTP/1.1 200 OK"
2026-09-18 15:30:18,561 - apscheduler.scheduler - INFO - Scheduler has been shut down
2026-09-18 15:30:18,561 - app.scheduler - INFO - Scheduler shutdown successfully
2026-09-18 15:30:18,692 - apscheduler.scheduler - INFO - Adding job tentatively -- it will be properly scheduled when the scheduler starts
2026-09-18 15:30:18,693 - apscheduler.scheduler - INFO - Added job "Daily Document Check" to job store "default"
2026-09-18 15:30:18,693 - apscheduler.scheduler - INFO - Scheduler started
2026-09-18 15:30:18,694 - app.scheduler - INFO - Scheduler started successfully. Daily check scheduled for 9:00 AM.
2026-09-18 15:30:19,079 - app.main - INFO - Successful login for admin@example.com
2026-09-18 15:30:19,079 - httpx - INFO - HTTP Request: POST http://testserver/login "HTTP/1.1 303 See Other"
2026-09-18 15:30:19,094 - httpx - INFO - HTTP Request: GET http://testserver/admin/audit-log "HTTP/1.1 200 OK"
2026-09-18 15:30:19,095 - apscheduler.scheduler - INFO - Scheduler has been shut down
2026-09-18 15:30:19,095 - app.scheduler - INFO - Scheduler shutdown successfully
2026-09-18 15:30:19,224 - apscheduler.scheduler - INFO - Adding job tentatively -- it will be properly scheduled when the scheduler starts
2026-09-18 15:30:19,224 - apscheduler.scheduler - INFO - Added job "Daily Document Check" to job store "default"
2026-09-18 15:30:19,224 - apscheduler.scheduler - INFO - Scheduler started
2026-09-18 15:30:19,225 - app.scheduler - INFO - Scheduler started successfully. Daily check scheduled for 9:00 AM.
2026-09-18 15:30:19,610 - app.main - INFO - Successful login for admin@example.com
2026-09-18 15:30:19,611 - httpx - INFO - HTTP Request: POST http://testserver/login "HTTP/1.1 303 See Other"
2026-09-18 15:30:19,627 - httpx - INFO - HTTP Request: GET http://testserver/admin/audit-log "HTTP/1.1 200 OK"
2026-09-18 15:30:19,628 - apscheduler.scheduler - INFO - Scheduler has been shut down
2026-09-18 15:30:19,628 - app.scheduler - INFO - Scheduler shutdown successfully
2026-09-18 15:30:19,810 - apscheduler.scheduler - INFO - Adding job tentatively -- it will be properly scheduled when the scheduler starts
2026-09-18 15:30:19,810 - apscheduler.scheduler - INFO - Added job "Daily Document Check" to job store "default"
2026-09-18 15:30:19,810 - apscheduler.scheduler - INFO - Scheduler started
2026-09-18 15:30:19,810 - app.scheduler - INFO - Scheduler started successfully. Daily check scheduled for 9:00 AM.
2026-09-18 15:30:20,195 - app.main - INFO - Successful login for admin@example.com
2026-09-18 15:30:20,196 - httpx - INFO - HTTP Request: POST http://testserver/login "HTTP/1.1 303 See Other"
2026-09-18 15:30:20,208 - httpx - INFO - HTTP Request: GET http://testserver/admin/audit-log "HTTP/1.1 200 OK"
2026-09-18 15:30:20,209 - apscheduler.scheduler - INFO - Scheduler has been shut down
2026-09-18 15:30:20,209 - app.scheduler - INFO - Scheduler shutdown successfully
2026-09-26 00:49:02,284 - apscheduler.scheduler - INFO - Adding job tentatively -- it will be properly scheduled when the scheduler starts
2026-09-26 00:49:02,284 - apscheduler.scheduler - INFO - Added job "Daily Document Check" to job store "default"
2026-09-26 00:49:02,284 - apscheduler.scheduler - INFO - Scheduler started
2026-09-26 00:49:02,285 - app.scheduler - INFO - Scheduler started successfully. Daily check scheduled for 9:00 AM.
2026-09-26 00:49:02,701 - app.main - INFO - Successful login for admin@example.com
2026-09-26 00:49:02,702 - httpx - INFO - HTTP Request: POST http://testserver/login "HTTP/1.1 303 See Other"
2026-09-26 00:49:02,718 - httpx - INFO - HTTP Request: GET http://testserver/admin/data-deletion "HTTP/1.1 200 OK"
2026-09-26 00:49:02,719 - apscheduler.scheduler - INFO - Scheduler has been shut down
2026-09-26 00:49:02,719 - app.scheduler - INFO - Scheduler shutdown successfully
2026-09-26 00:49:02,909 - apscheduler.scheduler - INFO - Adding job tentatively -- it will be properly scheduled when the scheduler starts
2026-09-26 00:49:02,909 - apscheduler.scheduler - INFO - Added job "Daily Document Check" to job store "default"
2026-09-26 00:49:02,910 - apscheduler.scheduler - INFO - Scheduler started
2026-09-26 00:49:02,910 - app.scheduler - INFO - Scheduler started successfully. Daily check scheduled for 9:00 AM.
2026-09-26 00:49:03,291 - app.main - INFO - Successful login for staff@example.com
2026-09-26 00:49:03,292 - httpx - INFO - HTTP Request: POST http://testserver/login "HTTP/1.1 303 See Other"
2026-09-26 00:49:03,304 - httpx - INFO - HTTP Request: GET http://testserver/admin/data-deletion "HTTP/1.1 200 OK"
2026-09-26 00:49:03,305 - apscheduler.scheduler - INFO - Scheduler has been shut down
2026-09-26 00:49:03,305 - app.scheduler - INFO - Scheduler shutdown successfully
2026-09-26 00:49:03,456 - apscheduler.scheduler - INFO - Adding job tentatively -- it will be properly scheduled when the scheduler starts
2026-09-26 00:49:03,457 - apscheduler.scheduler - INFO - Added job "Daily Document Check" to job store "default"
2026-09-26 00:49:03,457 - apscheduler.scheduler - INFO - Scheduler started
2026-09-26 00:49:03,457 - app.scheduler - INFO - Scheduler started successfully. Daily check scheduled for 9:00 AM.
2026-09-26 00:49:03,841 - app.main - INFO - Successful login for admin@example.com
2026-09-26 00:49:03,842 - httpx - INFO - HTTP Request: POST http://testserver/login "HTTP/1.1 303 See Other"
2026-09-26 00:49:03,860 - httpx - INFO - HTTP Request: POST http://testserver/admin/delete-customer "HTTP/1.1 200 OK"
2026-09-26 00:49:03,862 - apscheduler.scheduler - INFO - Scheduler has been shut down
2026-09-26 00:49:03,862 - app.scheduler - INFO - Scheduler shutdown successfully
2026-09-26 00:49:04,065 - apscheduler.scheduler - INFO - Adding job tentatively -- it will be properly scheduled when the scheduler starts
2026-09-26 00:49:04,066 - apscheduler.scheduler - INFO - Added job "Daily Document Check" to job store "default"
2026-09-26 00:49:04,066 - apscheduler.scheduler - INFO - Scheduler started
2026-09-26 00:49:04,066 - app.scheduler - INFO - Scheduler started successfully. Daily check scheduled for 9:00 AM.
2026-09-26 00:49:04,458 - app.main - INFO - Successful login for admin@example.com
2026-09-26 00:49:04,458 - httpx - INFO - HTTP Request: POST http://testserver/login "HTTP/1.1 303 See Other"
2026-09-26 00:49:04,476 - app.main - ERROR - Error deleting customer 1: (sqlite3.IntegrityError) NOT NULL constraint failed: events.case_id
[SQL: INSERT INTO events (case_id, office_id, event_type, description, created_by) VALUES (?, ?, ?, ?, ?) RETURNING id, created_at]
[parameters: (None, 1, 'customer_deleted', 'Customer Test Customer (ID: 1) and all associated data permanently deleted by admin@example.com', 'admin@example.com')]
(Background on this error at: https://sqlalche.me/e/20/gkpj)
2026-09-26 00:49:04,477 - httpx - INFO - HTTP Request: POST http://testserver/admin/delete-customer "HTTP/1.1 200 OK"
2026-09-26 00:49:04,517 - apscheduler.scheduler - INFO - Scheduler has been shut down
2026-09-26 00:49:04,517 - app.scheduler - INFO - Scheduler shutdown successfully
2026-09-26 00:49:04,706 - apscheduler.scheduler - INFO - Adding job tentatively -- it will be properly scheduled when the scheduler starts
2026-09-26 00:49:04,706 - apscheduler.scheduler - INFO - Added job "Daily Document Check" to job store "default"
2026-09-26 00:49:04,706 - apscheduler.scheduler - INFO - Scheduler started
2026-09-26 00:49:04,707 - app.scheduler - INFO - Scheduler started successfully. Daily check scheduled for 9:00 AM.
2026-09-26 00:49:05,091 - app.main - INFO - Successful login for admin@example.com
2026-09-26 00:49:05,092 - httpx - INFO - HTTP Request: POST http://testserver/login "HTTP/1.1 303 See Other"
2026-09-26 00:49:05,103 - app.main - ERROR - Error deleting customer 1: (sqlite3.IntegrityError) NOT NULL constraint failed: events.case_id
[SQL: INSERT INTO events (case_id, office_id, event_type, description, created_by) VALUES (?, ?, ?, ?, ?) RETURNING id, created_at]
[parameters: (None, 1, 'customer_deleted', 'Customer Test Customer (ID: 1) and all associated data permanently deleted by admin@example.com', 'admin@example.com')]
(Background on this error at: https://sqlalche.me/e/20/gkpj)
2026-09-26 00:49:05,105 - httpx - INFO - HTTP Request: POST http://testserver/admin/delete-customer "HTTP/1.1 200 OK"
2026-09-26 00:49:05,111 - apscheduler.scheduler - INFO - Scheduler has been shut down
2026-09-26 00:49:05,111 - app.scheduler - INFO - Scheduler shutdown successfully
2026-09-26 00:49:05,270 - apscheduler.scheduler - INFO - Adding job tentatively -- it will be properly scheduled when the scheduler starts
2026-09-26 00:49:05,270 - apscheduler.scheduler - INFO - Added job "Daily Document Check" to job store "default"
2026-09-26 00:49:05,270 - apscheduler.scheduler - INFO - Scheduler started
2026-09-26 00:49:05,270 - app.scheduler - INFO - Scheduler started successfully. Daily check scheduled for 9:00 AM.
2026-09-26 00:49:05,649 - app.main - INFO - Successful login for admin@example.com
2026-09-26 00:49:05,650 - httpx - INFO - HTTP Request: POST http://testserver/login "HTTP/1.1 303 See Other"
2026-09-26 00:49:05,660 - httpx - INFO - HTTP Request: POST http://testserver/admin/delete-customer "HTTP/1.1 200 OK"
2026-09-26 00:49:05,662 - apscheduler.scheduler - INFO - Scheduler has been shut down
2026-09-26 00:49:05,662 - app.scheduler - INFO - Scheduler shutdown successfully
2026-09-26 00:49:05,807 - apscheduler.scheduler - INFO - Adding job tentatively -- it will be properly scheduled when the scheduler starts
2026-09-26 00:49:05,807 - apscheduler.scheduler - INFO - Added job "Daily Document Check" to job store "default"
2026-09-26 00:49:05,807 - apscheduler.scheduler - INFO - Scheduler started
2026-09-26 00:49:05,807 - app.scheduler - INFO - Scheduler started successfully. Daily check scheduled for 9:00 AM.
2026-09-26 00:49:06,184 - app.main - INFO - Successful login for admin@example.com
2026-09-26 00:49:06,185 - httpx - INFO - HTTP Request: POST http://testserver/login "HTTP/1.1 303 See Other"
2026-09-26 00:49:06,189 - httpx - INFO - HTTP Request: POST http://testserver/admin/delete-customer "HTTP/1.1 200 OK"
2026-09-26 00:49:06,190 - apscheduler.scheduler - INFO - Scheduler has been shut down
2026-09-26 00:49:06,191 - app.scheduler - INFO - Scheduler shutdown successfully
2026-09-26 00:49:26,932 - apscheduler.scheduler - INFO - Adding job tentatively -- it will be properly scheduled when the scheduler starts
2026-09-26 00:49:26,933 - apscheduler.scheduler - INFO - Added job "Daily Document Check" to job store "default"
2026-09-26 00:49:26,933 - apscheduler.scheduler - INFO - Scheduler started
2026-09-26 00:49:26,933 - app.scheduler - INFO - Scheduler started successfully. Daily check scheduled for 9:00 AM.
2026-09-26 00:49:27,340 - app.main - INFO - Successful login for admin@example.com
2026-09-26 00:49:27,341 - httpx - INFO - HTTP Request: POST http://testserver/login "HTTP/1.1 303 See Other"
2026-09-26 00:49:27,355 - httpx - INFO - HTTP Request: GET http://testserver/admin/audit-log "HTTP/1.1 200 OK"
2026-09-26 00:49:27,356 - apscheduler.scheduler - INFO - Scheduler has been shut down
2026-09-26 00:49:27,357 - app.scheduler - INFO - Scheduler shutdown successfully
2026-09-26 00:49:27,505 - apscheduler.scheduler - INFO - Adding job tentatively -- it will be properly scheduled when the scheduler starts
2026-09-26 00:49:27,505 - apscheduler.scheduler - INFO - Added job "Daily Document Check" to job store "default"
2026-09-26 00:49:27,505 - apscheduler.scheduler - INFO - Scheduler started
2026-09-26 00:49:27,506 - app.scheduler - INFO - Scheduler started successfully. Daily check scheduled for 9:00 AM.
2026-09-26 00:49:27,892 - app.main - INFO - Successful login for staff@example.com
2026-09-26 00:49:27,893 - httpx - INFO - HTTP Request: POST http://testserver/login "HTTP/1.1 303 See Other"
2026-09-26 00:49:27,904 - httpx - INFO - HTTP Request: GET http://testserver/admin/audit-log "HTTP/1.1 200 OK"
2026-09-26 00:49:27,905 - apscheduler.scheduler - INFO - Scheduler has been shut down
2026-09-26 00:49:27,906 - app.scheduler - INFO - Scheduler shutdown successfully
2026-09-26 00:49:28,047 - apscheduler.scheduler - INFO - Adding job tentatively -- it will be properly scheduled when the scheduler starts
2026-09-26 00:49:28,047 - apscheduler.scheduler - INFO - Added job "Daily Document Check" to job store "default"
2026-09-26 00:49:28,047 - apscheduler.scheduler - INFO - Scheduler started
2026-09-26 00:49:28,048 - app.scheduler - INFO - Scheduler started successfully. Daily check scheduled for 9:00 AM.
2026-09-26 00:49:28,434 - app.main - INFO - Successful login for admin@example.com
2026-09-26 00:49:28,435 - httpx - INFO - HTTP Request: POST http://testserver/login "HTTP/1.1 303 See Other"
2026-09-26 00:49:28,451 - httpx - INFO - HTTP Request: GET http://testserver/admin/audit-log "HTTP/1.1 200 OK"
2026-09-26 00:49:28,453 - apscheduler.scheduler - INFO - Scheduler has been shut down
2026-09-26 00:49:28,453 - app.scheduler - INFO - Scheduler shutdown successfully
2026-09-26 00:49:28,588 - apscheduler.scheduler - INFO - Adding job tentatively -- it will be properly scheduled when the scheduler starts
2026-09-26 00:49:28,588 - apscheduler.scheduler - INFO - Added job "Daily Document Check" to job store "default"
2026-09-26 00:49:28,588 - apscheduler.scheduler - INFO - Scheduler started
2026-09-26 00:49:28,588 - app.scheduler - INFO - Scheduler started successfully. Daily check scheduled for 9:00 AM.
2026-09-26 00:49:28,968 - app.main - INFO - Successful login for admin@example.com
2026-09-26 00:49:28,969 - httpx - INFO - HTTP Request: POST http://testserver/login "HTTP/1.1 303 See Other"
2026-09-26 00:49:28,988 - httpx - INFO - HTTP Request: GET http://testserver/admin/audit-log?case_id=1 "HTTP/1.1 200 OK"
2026-09-26 00:49:28,989 - apscheduler.scheduler - INFO - Scheduler has been shut down
2026-09-26 00:49:28,990 - app.scheduler - INFO - Scheduler shutdown successfully
2026-09-26 00:49:29,118 - apscheduler.scheduler - INFO - Adding job tentatively -- it will be properly scheduled when the scheduler starts
2026-09-26 00:49:29,119 - apscheduler.scheduler - INFO - Added job "Daily Document Check" to job store "default"
2026-09-26 00:49:29,119 - apscheduler.scheduler - INFO - Scheduler started
2026-09-26 00:49:29,119 - app.scheduler - INFO - Scheduler started successfully. Daily check scheduled for 9:00 AM.
2026-09-26 00:49:29,518 - app.main - INFO - Successful login for admin@example.com
2026-09-26 00:49:29,518 - httpx - INFO - HTTP Request: POST http://testserver/login "HTTP/1.1 303 See Other"
2026-09-26 00:49:29,536 - httpx - INFO - HTTP Request: GET http://testserver/admin/audit-log?start_date=2026-09-26&end_date=2026-09-26 "HTTP/1.1 200 OK"
2026-09-26 00:49:29,537 - apscheduler.scheduler - INFO - Scheduler has been shut down
2026-09-26 00:49:29,538 - app.scheduler - INFO - Scheduler shutdown successfully
2026-09-26 00:49:29,663 - apscheduler.scheduler - INFO - Adding job tentatively -- it will be properly scheduled when the scheduler starts
2026-09-26 00:49:29,664 - apscheduler.scheduler - INFO - Added job "Daily Document Check" to job store "default"
2026-09-26 00:49:29,664 - apscheduler.scheduler - INFO - Scheduler started
2026-09-26 00:49:29,664 - app.scheduler - INFO - Scheduler started successfully. Daily check scheduled for 9:00 AM.
2026-09-26 00:49:30,049 - app.main - INFO - Successful login for admin@example.com
2026-09-26 00:49:30,050 - httpx - INFO - HTTP Request: POST http://testserver/login "HTTP/1.1 303 See Other"
2026-09-26 00:49:30,063 - httpx - INFO - HTTP Request: GET http://testserver/admin/audit-log "HTTP/1.1 200 OK"
2026-09-26 00:49:30,064 - apscheduler.scheduler - INFO - Scheduler has been shut down
2026-09-26 00:49:30,065 - app.scheduler - INFO - Scheduler shutdown successfully
2026-09-26 00:49:30,202 - apscheduler.scheduler - INFO - Adding job tentatively -- it will be properly scheduled when the scheduler starts
2026-09-26 00:49:30,202 - apscheduler.scheduler - INFO - Added job "Daily Document Check" to job store "default"
2026-09-26 00:49:30,202 - apscheduler.scheduler - INFO - Scheduler started
2026-09-26 00:49:30,203 - app.scheduler - INFO - Scheduler started successfully. Daily check scheduled for 9:00 AM.
2026-09-26 00:49:30,605 - app.main - INFO - Successful login for admin@example.com
2026-09-26 00:49:30,605 - httpx - INFO - HTTP Request: POST http://testserver/login "HTTP/1.1 303 See Other"
2026-09-26 00:49:30,621 - httpx - INFO - HTTP Request: GET http://testserver/admin/audit-log "HTTP/1.1 200 OK"
2026-09-26 00:49:30,622 - apscheduler.scheduler - INFO - Scheduler has been shut down
2026-09-26 00:49:30,622 - app.scheduler - INFO - Scheduler shutdown successfully
2026-09-26 00:49:30,772 - apscheduler.scheduler - INFO - Adding job tentatively -- it will be properly scheduled when the scheduler starts
2026-09-26 00:49:30,772 - apscheduler.scheduler - INFO - Added job "Daily Document Check" to job store "default"
2026-09-26 00:49:30,772 - apscheduler.scheduler - INFO - Scheduler started
2026-09-26 00:49:30,773 - app.scheduler - INFO - Scheduler started successfully. Daily check scheduled for 9:00 AM.
2026-09-26 00:49:31,167 - app.main - INFO - Successful login for admin@example.com
2026-09-26 00:49:31,167 - httpx - INFO - HTTP Request: POST http://testserver/login "HTTP/1.1 303 See Other"
2026-09-26 00:49:31,178 - httpx - INFO - HTTP Request: GET http://testserver/admin/audit-log "HTTP/1.1 200 OK"
2026-09-26 00:49:31,178 - apscheduler.scheduler - INFO - Scheduler has been shut down
2026-09-26 00:49:31,178 - app.scheduler - INFO - Scheduler shutdown successfully
2026-09-26 00:49:31,375 - apscheduler.scheduler - INFO - Adding job tentatively -- it will be properly scheduled when the scheduler starts
2026-09-26 00:49:31,375 - apscheduler.scheduler - INFO - Added job "Daily Document Check" to job store "default"
2026-09-26 00:49:31,375 - apscheduler.scheduler - INFO - Scheduler started
2026-09-26 00:49:31,376 - app.scheduler - INFO - Scheduler started successfully. Daily check scheduled for 9:00 AM.
2026-09-26 00:49:31,384 - httpx - INFO - HTTP Request: GET http://testserver/status "HTTP/1.1 200 OK"
2026-09-26 00:49:31,385 - httpx - INFO - HTTP Request: GET http://testserver/status "HTTP/1.1 200 OK"
2026-09-26 00:49:31,386 - httpx - INFO - HTTP Request: GET http://testserver/status "HTTP/1.1 200 OK"
2026-09-26 00:49:31,387 - httpx - INFO - HTTP Request: GET http://testserver/status "HTTP/1.1 200 OK"
2026-09-26 00:49:31,388 - httpx - INFO - HTTP Request: GET http://testserver/status "HTTP/1.1 200 OK"
2026-09-26 00:49:31,389 - slowapi - WARNING - ratelimit 10 per 1 minute (testclient) exceeded at endpoint: /status
2026-09-26 00:49:31,389 - httpx - INFO - HTTP Request: GET http://testserver/status "HTTP/1.1 429 Too Many Requests"
2026-09-26 00:49:31,390 - slowapi - WARNING - ratelimit 10 per 1 minute (testclient) exceeded at endpoint: /status
2026-09-26 00:49:31,391 - httpx - INFO - HTTP Request: GET http://testserver/status "HTTP/1.1 429 Too Many Requests"
2026-09-26 00:49:31,391 - slowapi - WARNING - ratelimit 10 per 1 minute (testclient) exceeded at endpoint: /status
2026-09-26 00:49:31,392 - httpx - INFO - HTTP Request: GET http://testserver/status "HTTP/1.1 429 Too Many Requests"
2026-09-26 00:49:31,392 - slowapi - WARNING - ratelimit 10 per 1 minute (testclient) exceeded at endpoint: /status
2026-09-26 00:49:31,393 - httpx - INFO - HTTP Request: GET http://testserver/status "HTTP/1.1 429 Too Many Requests"
2026-09-26 00:49:31,393 - slowapi - WARNING - ratelimit 10 per 1 minute (testclient) exceeded at endpoint: /status
2026-09-26 00:49:31,393 - httpx - INFO - HTTP Request: GET http://testserver/status "HTTP/1.1 429 Too Many Requests"
2026-09-26 00:49:31,394 - slowapi - WARNING - ratelimit 10 per 1 minute (testclient) exceeded at endpoint: /status
2026-09-26 00:49:31,394 - httpx - INFO - HTTP Request: GET http://testserver/status "HTTP/1.1 429 Too Many Requests"
2026-09-26 00:49:31,434 - apscheduler.scheduler - INFO - Scheduler has been shut down
2026-09-26 00:49:31,434 - app.scheduler - INFO - Scheduler shutdown successfully
2026-09-26 00:49:31,619 - apscheduler.scheduler - INFO - Adding job tentatively -- it will be properly scheduled when the scheduler starts
2026-09-26 00:49:31,619 - apscheduler.scheduler - INFO - Added job "Daily Document Check" to job store "default"
2026-09-26 00:49:31,619 - apscheduler.scheduler - INFO - Scheduler started
2026-09-26 00:49:31,619 - app.scheduler - INFO - Scheduler started successfully. Daily check scheduled for 9:00 AM.
2026-09-26 00:49:31,626 - httpx - INFO - HTTP Request: POST http://testserver/status "HTTP/1.1 200 OK"
2026-09-26 00:49:31,629 - httpx - INFO - HTTP Request: POST http://testserver/status "HTTP/1.1 200 OK"
2026-09-26 00:49:31,630 - slowapi - WARNING - ratelimit 5 per 1 minute (testclient) exceeded at endpoint: /status
2026-09-26 00:49:31,631 - httpx - INFO - HTTP Request: POST http://testserver/status "HTTP/1.1 429 Too Many Requests"
2026-09-26 00:49:31,632 - slowapi - WARNING - ratelimit 5 per 1 minute (testclient) exceeded at endpoint: /status
2026-09-26 00:49:31,633 - httpx - INFO - HTTP Request: POST http://testserver/status "HTTP/1.1 429 Too Many Requests"
2026-09-26 00:49:31,634 - slowapi - WARNING - ratelimit 5 per 1 minute (testclient) exceeded at endpoint: /status
2026-09-26 00:49:31,634 - httpx - INFO - HTTP Request: POST http://testserver/status "HTTP/1.1 429 Too Many Requests"
2026-09-26 00:49:31,635 - slowapi - WARNING - ratelimit 5 per 1 minute (testclient) exceeded at endpoint: /status
2026-09-26 00:49:31,635 - httpx - INFO - HTTP Request: POST http://testserver/status "HTTP/1.1 429 Too Many Requests"
2026-09-26 00:49:31,636 - apscheduler.scheduler - INFO - Scheduler has been shut down
2026-09-26 00:49:31,637 - app.scheduler - INFO - Scheduler shutdown successfully
2026-09-26 00:49:31,769 - apscheduler.scheduler - INFO - Adding job tentatively -- it will be properly scheduled when the scheduler starts
2026-09-26 00:49:31,769 - apscheduler.scheduler - INFO - Added job "Daily Document Check" to job store "default"
2026-09-26 00:49:31,769 - apscheduler.scheduler - INFO - Scheduler started
2026-09-26 00:49:31,770 - app.scheduler - INFO - Scheduler started successfully. Daily check scheduled for 9:00 AM.
2026-09-26 00:49:32,151 - app.main - INFO - Successful login for test@example.com
2026-09-26 00:49:32,152 - httpx - INFO - HTTP Request: POST http://testserver/login "HTTP/1.1 303 See Other"
2026-09-26 00:49:32,154 - slowapi - WARNING - ratelimit 10 per 1 minute (testclient) exceeded at endpoint: /status
2026-09-26 00:49:32,154 - httpx - INFO - HTTP Request: GET http://testserver/status "HTTP/1.1 429 Too Many Requests"
2026-09-26 00:49:32,157 - apscheduler.scheduler - INFO - Scheduler has been shut down
2026-09-26 00:49:32,158 - app.scheduler - INFO - Scheduler shutdown successfully
2026-09-26 00:50:15,368 - apscheduler.scheduler - INFO - Adding job tentatively -- it will be properly scheduled when the scheduler starts
2026-09-26 00:50:15,368 - apscheduler.scheduler - INFO - Added job "Daily Document Check" to job store "default"
2026-09-26 00:50:15,368 - apscheduler.scheduler - INFO - Scheduler started
2026-09-26 00:50:15,369 - app.scheduler - INFO - Scheduler started successfully. Daily check scheduled for 9:00 AM.
2026-09-26 00:50:15,385 - httpx - INFO - HTTP Request: GET http://testserver/status "HTTP/1.1 200 OK"
2026-09-26 00:50:15,387 - httpx - INFO - HTTP Request: GET http://testserver/status "HTTP/1.1 200 OK"
2026-09-26 00:50:15,388 - httpx - INFO - HTTP Request: GET http://testserver/status "HTTP/1.1 200 OK"
2026-09-26 00:50:15,389 - httpx - INFO - HTTP Request: GET http://testserver/status "HTTP/1.1 200 OK"
2026-09-26 00:50:15,390 - httpx - INFO - HTTP Request: GET http://testserver/status "HTTP/1.1 200 OK"
2026-09-26 00:50:15,390 - slowapi - WARNING - ratelimit 10 per 1 minute (testclient) exceeded at endpoint: /status
2026-09-26 00:50:15,391 - httpx - INFO - HTTP Request: GET http://testserver/status "HTTP/1.1 429 Too Many Requests"
2026-09-26 00:50:15,392 - slowapi - WARNING - ratelimit 10 per 1 minute (testclient) exceeded at endpoint: /status
2026-09-26 00:50:15,392 - httpx - INFO - HTTP Request: GET http://testserver/status "HTTP/1.1 429 Too Many Requests"
2026-09-26 00:50:15,393 - slowapi - WARNING - ratelimit 10 per 1 minute (testclient) exceeded at endpoint: /status
2026-09-26 00:50:15,394 - httpx - INFO - HTTP Request: GET http://testserver/status "HTTP/1.1 429 Too Many Requests"
2026-09-26 00:50:15,394 - slowapi - WARNING - ratelimit 10 per 1 minute (testclient) exceeded at endpoint: /status
2026-09-26 00:50:15,395 - httpx - INFO - HTTP Request: GET http://testserver/status "HTTP/1.1 429 Too Many Requests"
2026-09-26 00:50:15,395 - slowapi - WARNING - ratelimit 10 per 1 minute (testclient) exceeded at endpoint: /status
2026-09-26 00:50:15,396 - httpx - INFO - HTTP Request: GET http://testserver/status "HTTP/1.1 429 Too Many Requests"
2026-09-26 00:50:15,396 - slowapi - WARNING - ratelimit 10 per 1 minute (testclient) exceeded at endpoint: /status
2026-09-26 00:50:15,396 - httpx - INFO - HTTP Request: GET http://testserver/status "HTTP/1.1 429 Too Many Requests"
2026-09-26 00:50:15,432 - apscheduler.scheduler - INFO - Scheduler has been shut down
2026-09-26 00:50:15,433 - app.scheduler - INFO - Scheduler shutdown successfully
2026-09-26 00:55:13,167 - apscheduler.scheduler - INFO - Adding job tentatively -- it will be properly scheduled when the scheduler starts
2026-09-26 00:55:13,168 - apscheduler.scheduler - INFO - Added job "Daily Document Check" to job store "default"
2026-09-26 00:55:13,168 - apscheduler.scheduler - INFO - Scheduler started
2026-09-26 00:55:13,170 - app.scheduler - INFO - Scheduler started successfully. Daily check scheduled for 9:00 AM.
2026-09-26 00:55:13,590 - httpx - INFO - HTTP Request: POST http://testserver/login "HTTP/1.1 200 OK"
2026-09-26 00:55:13,789 - httpx - INFO - HTTP Request: POST http://testserver/login "HTTP/1.1 200 OK"
2026-09-26 00:55:13,983 - httpx - INFO - HTTP Request: POST http://testserver/login "HTTP/1.1 200 OK"
2026-09-26 00:55:14,177 - httpx - INFO - HTTP Request: POST http://testserver/login "HTTP/1.1 200 OK"
2026-09-26 00:55:14,363 - app.main - WARNING - Account locked for test@example.com after 5 failed login attempts
2026-09-26 00:55:14,370 - httpx - INFO - HTTP Request: POST http://testserver/login "HTTP/1.1 200 OK"
2026-09-26 00:55:14,372 - httpx - INFO - HTTP Request: POST http://testserver/login "HTTP/1.1 200 OK"
2026-09-26 00:55:14,373 - apscheduler.scheduler - INFO - Scheduler has been shut down
2026-09-26 00:55:14,374 - app.scheduler - INFO - Scheduler shutdown successfully
2026-09-26 00:55:14,539 - apscheduler.scheduler - INFO - Adding job tentatively -- it will be properly scheduled when the scheduler starts
2026-09-26 00:55:14,539 - apscheduler.scheduler - INFO - Added job "Daily Document Check" to job store "default"
2026-09-26 00:55:14,539 - apscheduler.scheduler - INFO - Scheduler started
2026-09-26 00:55:14,540 - app.scheduler - INFO - Scheduler started successfully. Daily check scheduled for 9:00 AM.
2026-09-26 00:55:14,934 - httpx - INFO - HTTP Request: POST http://testserver/login "HTTP/1.1 200 OK"
2026-09-26 00:55:15,141 - httpx - INFO - HTTP Request: POST http://testserver/login "HTTP/1.1 200 OK"
2026-09-26 00:55:15,337 - httpx - INFO - HTTP Request: POST http://testserver/login "HTTP/1.1 200 OK"
2026-09-26 00:55:15,534 - app.main - INFO - Successful login for test@example.com
2026-09-26 00:55:15,534 - httpx - INFO - HTTP Request: POST http://testserver/login "HTTP/1.1 303 See Other"
2026-09-26 00:55:15,536 - apscheduler.scheduler - INFO - Scheduler has been shut down
2026-09-26 00:55:15,537 - app.scheduler - INFO - Scheduler shutdown successfully
2026-09-26 00:55:15,697 - apscheduler.scheduler - INFO - Adding job tentatively -- it will be properly scheduled when the scheduler starts
2026-09-26 00:55:15,697 - apscheduler.scheduler - INFO - Added job "Daily Document Check" to job store "default"
2026-09-26 00:55:15,697 - apscheduler.scheduler - INFO - Scheduler started
2026-09-26 00:55:15,697 - app.scheduler - INFO - Scheduler started successfully. Daily check scheduled for 9:00 AM.
2026-09-26 00:55:15,902 - httpx - INFO - HTTP Request: POST http://testserver/login "HTTP/1.1 200 OK"
2026-09-26 00:55:15,903 - apscheduler.scheduler - INFO - Scheduler has been shut down
2026-09-26 00:55:15,904 - app.scheduler - INFO - Scheduler shutdown successfully
2026-09-26 00:55:16,047 - apscheduler.scheduler - INFO - Adding job tentatively -- it will be properly scheduled when the scheduler starts
2026-09-26 00:55:16,047 - apscheduler.scheduler - INFO - Added job "Daily Document Check" to job store "default"
2026-09-26 00:55:16,047 - apscheduler.scheduler - INFO - Scheduler started
2026-09-26 00:55:16,048 - app.scheduler - INFO - Scheduler started successfully. Daily check scheduled for 9:00 AM.
2026-09-26 00:55:16,442 - app.main - INFO - Successful login for test@example.com
2026-09-26 00:55:16,444 - httpx - INFO - HTTP Request: POST http://testserver/login "HTTP/1.1 303 See Other"
2026-09-26 00:55:16,447 - apscheduler.scheduler - INFO - Scheduler has been shut down
2026-09-26 00:55:16,447 - app.scheduler - INFO - Scheduler shutdown successfully
2026-09-26 00:55:16,625 - apscheduler.scheduler - INFO - Adding job tentatively -- it will be properly scheduled when the scheduler starts
2026-09-26 00:55:16,625 - apscheduler.scheduler - INFO - Added job "Daily Document Check" to job store "default"
2026-09-26 00:55:16,625 - apscheduler.scheduler - INFO - Scheduler started
2026-09-26 00:55:16,626 - app.scheduler - INFO - Scheduler started successfully. Daily check scheduled for 9:00 AM.
2026-09-26 00:55:17,008 - app.main - INFO - Successful login for admin@example.com
2026-09-26 00:55:17,009 - httpx - INFO - HTTP Request: POST http://testserver/login "HTTP/1.1 303 See Other"
2026-09-26 00:55:17,019 - httpx - INFO - HTTP Request: GET http://testserver/admin/audit-log "HTTP/1.1 200 OK"
2026-09-26 00:55:17,020 - apscheduler.scheduler - INFO - Scheduler has been shut down
2026-09-26 00:55:17,020 - app.scheduler - INFO - Scheduler shutdown successfully
2026-09-26 00:55:17,167 - apscheduler.scheduler - INFO - Adding job tentatively -- it will be properly scheduled when the scheduler starts
2026-09-26 00:55:17,167 - apscheduler.scheduler - INFO - Added job "Daily Document Check" to job store "default"
2026-09-26 00:55:17,167 - apscheduler.scheduler - INFO - Scheduler started
2026-09-26 00:55:17,168 - app.scheduler - INFO - Scheduler started successfully. Daily check scheduled for 9:00 AM.
2026-09-26 00:55:17,546 - app.main - INFO - Successful login for staff@example.com
2026-09-26 00:55:17,547 - httpx - INFO - HTTP Request: POST http://testserver/login "HTTP/1.1 303 See Other"
2026-09-26 00:55:17,557 - httpx - INFO - HTTP Request: GET http://testserver/admin/audit-log "HTTP/1.1 200 OK"
2026-09-26 00:55:17,559 - apscheduler.scheduler - INFO - Scheduler has been shut down
2026-09-26 00:55:17,560 - app.scheduler - INFO - Scheduler shutdown successfully
2026-09-26 00:55:17,695 - apscheduler.scheduler - INFO - Adding job tentatively -- it will be properly scheduled when the scheduler starts
2026-09-26 00:55:17,695 - apscheduler.scheduler - INFO - Added job "Daily Document Check" to job store "default"
2026-09-26 00:55:17,696 - apscheduler.scheduler - INFO - Scheduler started
2026-09-26 00:55:17,696 - app.scheduler - INFO - Scheduler started successfully. Daily check scheduled for 9:00 AM.
2026-09-26 00:55:18,084 - app.main - INFO - Successful login for admin@example.com
2026-09-26 00:55:18,086 - httpx - INFO - HTTP Request: POST http://testserver/login "HTTP/1.1 303 See Other"
2026-09-26 00:55:18,111 - httpx - INFO - HTTP Request: GET http://testserver/admin/audit-log "HTTP/1.1 200 OK"
2026-09-26 00:55:18,112 - apscheduler.scheduler - INFO - Scheduler has been shut down
2026-09-26 00:55:18,112 - app.scheduler - INFO - Scheduler shutdown successfully
2026-09-26 00:55:18,243 - apscheduler.scheduler - INFO - Adding job tentatively -- it will be properly scheduled when the scheduler starts
2026-09-26 00:55:18,243 - apscheduler.scheduler - INFO - Added job "Daily Document Check" to job store "default"
2026-09-26 00:55:18,243 - apscheduler.scheduler - INFO - Scheduler started
2026-09-26 00:55:18,243 - app.scheduler - INFO - Scheduler started successfully. Daily check scheduled for 9:00 AM.
2026-09-26 00:55:18,628 - app.main - INFO - Successful login for admin@example.com
2026-09-26 00:55:18,628 - httpx - INFO - HTTP Request: POST http://testserver/login "HTTP/1.1 303 See Other"
2026-09-26 00:55:18,646 - httpx - INFO - HTTP Request: GET http://testserver/admin/audit-log?case_id=1 "HTTP/1.1 200 OK"
2026-09-26 00:55:18,647 - apscheduler.scheduler - INFO - Scheduler has been shut down
2026-09-26 00:55:18,647 - app.scheduler - INFO - Scheduler shutdown successfully
2026-09-26 00:55:18,775 - apscheduler.scheduler - INFO - Adding job tentatively -- it will be properly scheduled when the scheduler starts
2026-09-26 00:55:18,775 - apscheduler.scheduler - INFO - Added job "Daily Document Check" to job store "default"
2026-09-26 00:55:18,775 - apscheduler.scheduler - INFO - Scheduler started
2026-09-26 00:55:18,776 - app.scheduler - INFO - Scheduler started successfully. Daily check scheduled for 9:00 AM.
2026-09-26 00:55:19,174 - app.main - INFO - Successful login for admin@example.com
2026-09-26 00:55:19,175 - httpx - INFO - HTTP Request: POST http://testserver/login "HTTP/1.1 303 See Other"
2026-09-26 00:55:19,194 - httpx - INFO - HTTP Request: GET http://testserver/admin/audit-log?start_date=2026-09-26&end_date=2026-09-26 "HTTP/1.1 200 OK"
2026-09-26 00:55:19,195 - apscheduler.scheduler - INFO - Scheduler has been shut down
2026-09-26 00:55:19,195 - app.scheduler - INFO - Scheduler shutdown successfully
2026-09-26 00:55:19,357 - apscheduler.scheduler - INFO - Adding job tentatively -- it will be properly scheduled when the scheduler starts
2026-09-26 00:55:19,358 - apscheduler.scheduler - INFO - Added job "Daily Document Check" to job store "default"
2026-09-26 00:55:19,358 - apscheduler.scheduler - INFO - Scheduler started
2026-09-26 00:55:19,359 - app.scheduler - INFO - Scheduler started successfully. Daily check scheduled for 9:00 AM.
2026-09-26 00:55:19,746 - app.main - INFO - Successful login for admin@example.com
2026-09-26 00:55:19,747 - httpx - INFO - HTTP Request: POST http://testserver/login "HTTP/1.1 303 See Other"
2026-09-26 00:55:19,762 - httpx - INFO - HTTP Request: GET http://testserver/admin/audit-log "HTTP/1.1 200 OK"
2026-09-26 00:55:19,763 - apscheduler.scheduler - INFO - Scheduler has been shut down
2026-09-26 00:55:19,763 - app.scheduler - INFO - Scheduler shutdown successfully
2026-09-26 00:55:19,896 - apscheduler.scheduler - INFO - Adding job tentatively -- it will be properly scheduled when the scheduler starts
2026-09-26 00:55:19,896 - apscheduler.scheduler - INFO - Added job "Daily Document Check" to job store "default"
2026-09-26 00:55:19,896 - apscheduler.scheduler - INFO - Scheduler started
2026-09-26 00:55:19,896 - app.scheduler - INFO - Scheduler started successfully. Daily check scheduled for 9:00 AM.
2026-09-26 00:55:20,279 - app.main - INFO - Successful login for admin@example.com
2026-09-26 00:55:20,280 - httpx - INFO - HTTP Request: POST http://testserver/login "HTTP/1.1 303 See Other"
2026-09-26 00:55:20,296 - httpx - INFO - HTTP Request: GET http://testserver/admin/audit-log "HTTP/1.1 200 OK"
2026-09-26 00:55:20,298 - apscheduler.scheduler - INFO - Scheduler has been shut down
2026-09-26 00:55:20,298 - app.scheduler - INFO - Scheduler shutdown successfully
2026-09-26 00:55:20,466 - apscheduler.scheduler - INFO - Adding job tentatively -- it will be properly scheduled when the scheduler starts
2026-09-26 00:55:20,466 - apscheduler.scheduler - INFO - Added job "Daily Document Check" to job store "default"
2026-09-26 00:55:20,466 - apscheduler.scheduler - INFO - Scheduler started
2026-09-26 00:55:20,467 - app.scheduler - INFO - Scheduler started successfully. Daily check scheduled for 9:00 AM.
2026-09-26 00:55:20,846 - app.main - INFO - Successful login for admin@example.com
2026-09-26 00:55:20,846 - httpx - INFO - HTTP Request: POST http://testserver/login "HTTP/1.1 303 See Other"
2026-09-26 00:55:20,858 - httpx - INFO - HTTP Request: GET http://testserver/admin/audit-log "HTTP/1.1 200 OK"
2026-09-26 00:55:20,859 - apscheduler.scheduler - INFO - Scheduler has been shut down
2026-09-26 00:55:20,860 - app.scheduler - INFO - Scheduler shutdown successfully
2026-09-26 00:55:20,991 - apscheduler.scheduler - INFO - Adding job tentatively -- it will be properly scheduled when the scheduler starts
2026-09-26 00:55:20,991 - apscheduler.scheduler - INFO - Added job "Daily Document Check" to job store "default"
2026-09-26 00:55:20,991 - apscheduler.scheduler - INFO - Scheduler started
2026-09-26 00:55:20,992 - app.scheduler - INFO - Scheduler started successfully. Daily check scheduled for 9:00 AM.
2026-09-26 00:55:21,385 - app.main - INFO - Successful login for test@example.com
2026-09-26 00:55:21,386 - httpx - INFO - HTTP Request: POST http://testserver/login "HTTP/1.1 303 See Other"
2026-09-26 00:55:21,394 - httpx - INFO - HTTP Request: GET http://testserver/dashboard "HTTP/1.1 200 OK"
2026-09-26 00:55:21,397 - apscheduler.scheduler - INFO - Scheduler has been shut down
2026-09-26 00:55:21,397 - app.scheduler - INFO - Scheduler shutdown successfully
2026-09-26 00:55:21,541 - apscheduler.scheduler - INFO - Adding job tentatively -- it will be properly scheduled when the scheduler starts
2026-09-26 00:55:21,542 - apscheduler.scheduler - INFO - Added job "Daily Document Check" to job store "default"
2026-09-26 00:55:21,542 - apscheduler.scheduler - INFO - Scheduler started
2026-09-26 00:55:21,542 - app.scheduler - INFO - Scheduler started successfully. Daily check scheduled for 9:00 AM.
2026-09-26 00:55:21,929 - httpx - INFO - HTTP Request: POST http://testserver/login "HTTP/1.1 200 OK"
2026-09-26 00:55:21,932 - apscheduler.scheduler - INFO - Scheduler has been shut down
2026-09-26 00:55:21,932 - app.scheduler - INFO - Scheduler shutdown successfully
2026-09-26 00:55:22,060 - apscheduler.scheduler - INFO - Adding job tentatively -- it will be properly scheduled when the scheduler starts
2026-09-26 00:55:22,060 - apscheduler.scheduler - INFO - Added job "Daily Document Check" to job store "default"
2026-09-26 00:55:22,060 - apscheduler.scheduler - INFO - Scheduler started
2026-09-26 00:55:22,061 - app.scheduler - INFO - Scheduler started successfully. Daily check scheduled for 9:00 AM.
2026-09-26 00:55:22,064 - httpx - INFO - HTTP Request: POST http://testserver/login "HTTP/1.1 200 OK"
2026-09-26 00:55:22,065 - apscheduler.scheduler - INFO - Scheduler has been shut down
2026-09-26 00:55:22,065 - app.scheduler - INFO - Scheduler shutdown successfully
2026-09-26 00:55:22,210 - apscheduler.scheduler - INFO - Adding job tentatively -- it will be properly scheduled when the scheduler starts
2026-09-26 00:55:22,211 - apscheduler.scheduler - INFO - Added job "Daily Document Check" to job store "default"
2026-09-26 00:55:22,211 - apscheduler.scheduler - INFO - Scheduler started
2026-09-26 00:55:22,211 - app.scheduler - INFO - Scheduler started successfully. Daily check scheduled for 9:00 AM.
2026-09-26 00:55:22,592 - httpx - INFO - HTTP Request: POST http://testserver/login "HTTP/1.1 200 OK"
2026-09-26 00:55:22,593 - apscheduler.scheduler - INFO - Scheduler has been shut down
2026-09-26 00:55:22,593 - app.scheduler - INFO - Scheduler shutdown successfully
2026-09-26 00:55:22,717 - apscheduler.scheduler - INFO - Adding job tentatively -- it will be properly scheduled when the scheduler starts
2026-09-26 00:55:22,718 - apscheduler.scheduler - INFO - Added job "Daily Document Check" to job store "default"
2026-09-26 00:55:22,718 - apscheduler.scheduler - INFO - Scheduler started
2026-09-26 00:55:22,718 - app.scheduler - INFO - Scheduler started successfully. Daily check scheduled for 9:00 AM.
2026-09-26 00:55:23,103 - app.main - INFO - Successful login for test@example.com
2026-09-26 00:55:23,104 - httpx - INFO - HTTP Request: POST http://testserver/login "HTTP/1.1 303 See Other"
2026-09-26 00:55:23,107 - app.main - INFO - User logged out
2026-09-26 00:55:23,107 - httpx - INFO - HTTP Request: GET http://testserver/logout "HTTP/1.1 307 Temporary Redirect"
2026-09-26 00:55:23,108 - httpx - INFO - HTTP Request: GET http://testserver/dashboard "HTTP/1.1 307 Temporary Redirect"
2026-09-26 00:55:23,109 - apscheduler.scheduler - INFO - Scheduler has been shut down
2026-09-26 00:55:23,109 - app.scheduler - INFO - Scheduler shutdown successfully
2026-09-26 00:55:23,240 - apscheduler.scheduler - INFO - Adding job tentatively -- it will be properly scheduled when the scheduler starts
2026-09-26 00:55:23,240 - apscheduler.scheduler - INFO - Added job "Daily Document Check" to job store "default"
2026-09-26 00:55:23,240 - apscheduler.scheduler - INFO - Scheduler started
2026-09-26 00:55:23,241 - app.scheduler - INFO - Scheduler started successfully. Daily check scheduled for 9:00 AM.
2026-09-26 00:55:23,244 - httpx - INFO - HTTP Request: GET http://testserver/dashboard "HTTP/1.1 307 Temporary Redirect"
2026-09-26 00:55:23,245 - apscheduler.scheduler - INFO - Scheduler has been shut down
2026-09-26 00:55:23,246 - app.scheduler - INFO - Scheduler shutdown successfully
2026-09-26 00:55:23,378 - apscheduler.scheduler - INFO - Adding job tentatively -- it will be properly scheduled when the scheduler starts
2026-09-26 00:55:23,378 - apscheduler.scheduler - INFO - Added job "Daily Document Check" to job store "default"
2026-09-26 00:55:23,378 - apscheduler.scheduler - INFO - Scheduler started
2026-09-26 00:55:23,378 - app.scheduler - INFO - Scheduler started successfully. Daily check scheduled for 9:00 AM.
2026-09-26 00:55:23,808 - app.main - INFO - Successful login for admin@example.com
2026-09-26 00:55:23,808 - httpx - INFO - HTTP Request: POST http://testserver/login "HTTP/1.1 303 See Other"
2026-09-26 00:55:23,814 - httpx - INFO - HTTP Request: GET http://testserver/admin/data-deletion "HTTP/1.1 200 OK"
2026-09-26 00:55:23,816 - apscheduler.scheduler - INFO - Scheduler has been shut down
2026-09-26 00:55:23,816 - app.scheduler - INFO - Scheduler shutdown successfully
2026-09-26 00:55:23,947 - apscheduler.scheduler - INFO - Adding job tentatively -- it will be properly scheduled when the scheduler starts
2026-09-26 00:55:23,947 - apscheduler.scheduler - INFO - Added job "Daily Document Check" to job store "default"
2026-09-26 00:55:23,947 - apscheduler.scheduler - INFO - Scheduler started
2026-09-26 00:55:23,947 - app.scheduler - INFO - Scheduler started successfully. Daily check scheduled for 9:00 AM.
2026-09-26 00:55:24,326 - app.main - INFO - Successful login for staff@example.com
2026-09-26 00:55:24,327 - httpx - INFO - HTTP Request: POST http://testserver/login "HTTP/1.1 303 See Other"
2026-09-26 00:55:24,330 - httpx - INFO - HTTP Request: GET http://testserver/admin/data-deletion "HTTP/1.1 200 OK"
2026-09-26 00:55:24,331 - apscheduler.scheduler - INFO - Scheduler has been shut down
2026-09-26 00:55:24,332 - app.scheduler - INFO - Scheduler shutdown successfully
2026-09-26 00:55:24,474 - apscheduler.scheduler - INFO - Adding job tentatively -- it will be properly scheduled when the scheduler starts
2026-09-26 00:55:24,474 - apscheduler.scheduler - INFO - Added job "Daily Document Check" to job store "default"
2026-09-26 00:55:24,474 - apscheduler.scheduler - INFO - Scheduler started
2026-09-26 00:55:24,475 - app.scheduler - INFO - Scheduler started successfully. Daily check scheduled for 9:00 AM.
2026-09-26 00:55:24,859 - app.main - INFO - Successful login for admin@example.com
2026-09-26 00:55:24,860 - httpx - INFO - HTTP Request: POST http://testserver/login "HTTP/1.1 303 See Other"
2026-09-26 00:55:24,876 - httpx - INFO - HTTP Request: POST http://testserver/admin/delete-customer "HTTP/1.1 200 OK"
2026-09-26 00:55:24,878 - apscheduler.scheduler - INFO - Scheduler has been shut down
2026-09-26 00:55:24,878 - app.scheduler - INFO - Scheduler shutdown successfully
2026-09-26 00:55:25,005 - apscheduler.scheduler - INFO - Adding job tentatively -- it will be properly scheduled when the scheduler starts
2026-09-26 00:55:25,005 - apscheduler.scheduler - INFO - Added job "Daily Document Check" to job store "default"
2026-09-26 00:55:25,006 - apscheduler.scheduler - INFO - Scheduler started
2026-09-26 00:55:25,006 - app.scheduler - INFO - Scheduler started successfully. Daily check scheduled for 9:00 AM.
2026-09-26 00:55:25,404 - app.main - INFO - Successful login for admin@example.com
2026-09-26 00:55:25,404 - httpx - INFO - HTTP Request: POST http://testserver/login "HTTP/1.1 303 See Other"
2026-09-26 00:55:25,418 - app.main - ERROR - Error deleting customer 1: (sqlite3.IntegrityError) NOT NULL constraint failed: events.case_id
[SQL: INSERT INTO events (case_id, office_id, event_type, description, created_by) VALUES (?, ?, ?, ?, ?) RETURNING id, created_at]
[parameters: (None, 1, 'customer_deleted', 'Customer Test Customer (ID: 1) and all associated data permanently deleted by admin@example.com', 'admin@example.com')]
(Background on this error at: https://sqlalche.me/e/20/gkpj)
2026-09-26 00:55:25,421 - httpx - INFO - HTTP Request: POST http://testserver/admin/delete-customer "HTTP/1.1 200 OK"
2026-09-26 00:55:25,464 - apscheduler.scheduler - INFO - Scheduler has been shut down
2026-09-26 00:55:25,464 - app.scheduler - INFO - Scheduler shutdown successfully
2026-09-26 00:55:25,606 - apscheduler.scheduler - INFO - Adding job tentatively -- it will be properly scheduled when the scheduler starts
2026-09-26 00:55:25,606 - apscheduler.scheduler - INFO - Added job "Daily Document Check" to job store "default"
2026-09-26 00:55:25,606 - apscheduler.scheduler - INFO - Scheduler started
2026-09-26 00:55:25,606 - app.scheduler - INFO - Scheduler started successfully. Daily check scheduled for 9:00 AM.
2026-09-26 00:55:25,997 - app.main - INFO - Successful login for admin@example.com
2026-09-26 00:55:25,997 - httpx - INFO - HTTP Request: POST http://testserver/login "HTTP/1.1 303 See Other"
2026-09-26 00:55:26,009 - app.main - ERROR - Error deleting customer 1: (sqlite3.IntegrityError) NOT NULL constraint failed: events.case_id
[SQL: INSERT INTO events (case_id, office_id, event_type, description, created_by) VALUES (?, ?, ?, ?, ?) RETURNING id, created_at]
[parameters: (None, 1, 'customer_deleted', 'Customer Test Customer (ID: 1) and all associated data permanently deleted by admin@example.com', 'admin@example.com')]
(Background on this error at: https://sqlalche.me/e/20/gkpj)
2026-09-26 00:55:26,010 - httpx - INFO - HTTP Request: POST http://testserver/admin/delete-customer "HTTP/1.1 200 OK"
2026-09-26 00:55:26,016 - apscheduler.scheduler - INFO - Scheduler has been shut down
2026-09-26 00:55:26,016 - app.scheduler - INFO - Scheduler shutdown successfully
2026-09-26 00:55:26,151 - apscheduler.scheduler - INFO - Adding job tentatively -- it will be properly scheduled when the scheduler starts
2026-09-26 00:55:26,152 - apscheduler.scheduler - INFO - Added job "Daily Document Check" to job store "default"
2026-09-26 00:55:26,152 - apscheduler.scheduler - INFO - Scheduler started
2026-09-26 00:55:26,153 - app.scheduler - INFO - Scheduler started successfully. Daily check scheduled for 9:00 AM.
2026-09-26 00:55:26,658 - app.main - INFO - Successful login for admin@example.com
2026-09-26 00:55:26,659 - httpx - INFO - HTTP Request: POST http://testserver/login "HTTP/1.1 303 See Other"
2026-09-26 00:55:26,671 - httpx - INFO - HTTP Request: POST http://testserver/admin/delete-customer "HTTP/1.1 200 OK"
2026-09-26 00:55:26,674 - apscheduler.scheduler - INFO - Scheduler has been shut down
2026-09-26 00:55:26,674 - app.scheduler - INFO - Scheduler shutdown successfully
2026-09-26 00:55:26,804 - apscheduler.scheduler - INFO - Adding job tentatively -- it will be properly scheduled when the scheduler starts
2026-09-26 00:55:26,804 - apscheduler.scheduler - INFO - Added job "Daily Document Check" to job store "default"
2026-09-26 00:55:26,804 - apscheduler.scheduler - INFO - Scheduler started
2026-09-26 00:55:26,805 - app.scheduler - INFO - Scheduler started successfully. Daily check scheduled for 9:00 AM.
2026-09-26 00:55:27,184 - app.main - INFO - Successful login for admin@example.com
2026-09-26 00:55:27,185 - httpx - INFO - HTTP Request: POST http://testserver/login "HTTP/1.1 303 See Other"
2026-09-26 00:55:27,189 - httpx - INFO - HTTP Request: POST http://testserver/admin/delete-customer "HTTP/1.1 200 OK"
2026-09-26 00:55:27,191 - apscheduler.scheduler - INFO - Scheduler has been shut down
2026-09-26 00:55:27,191 - app.scheduler - INFO - Scheduler shutdown successfully
2026-09-26 00:55:27,313 - apscheduler.scheduler - INFO - Adding job tentatively -- it will be properly scheduled when the scheduler starts
2026-09-26 00:55:27,313 - apscheduler.scheduler - INFO - Added job "Daily Document Check" to job store "default"
2026-09-26 00:55:27,313 - apscheduler.scheduler - INFO - Scheduler started
2026-09-26 00:55:27,314 - app.scheduler - INFO - Scheduler started successfully. Daily check scheduled for 9:00 AM.
2026-09-26 00:55:27,695 - app.main - INFO - Successful login for test@example.com
2026-09-26 00:55:27,696 - httpx - INFO - HTTP Request: POST http://testserver/login "HTTP/1.1 303 See Other"
2026-09-26 00:55:27,709 - httpx - INFO - HTTP Request: POST http://testserver/new-case "HTTP/1.1 303 See Other"
2026-09-26 00:55:27,713 - apscheduler.scheduler - INFO - Scheduler has been shut down
2026-09-26 00:55:27,713 - app.scheduler - INFO - Scheduler shutdown successfully
2026-09-26 00:55:28,161 - apscheduler.scheduler - INFO - Adding job tentatively -- it will be properly scheduled when the scheduler starts
2026-09-26 00:55:28,161 - apscheduler.scheduler - INFO - Added job "Daily Document Check" to job store "default"
2026-09-26 00:55:28,161 - apscheduler.scheduler - INFO - Scheduler started
2026-09-26 00:55:28,162 - app.scheduler - INFO - Scheduler started successfully. Daily check scheduled for 9:00 AM.
2026-09-26 00:55:28,553 - app.main - INFO - Successful login for test@example.com
2026-09-26 00:55:28,553 - httpx - INFO - HTTP Request: POST http://testserver/login "HTTP/1.1 303 See Other"
2026-09-26 00:55:28,568 - httpx - INFO - HTTP Request: POST http://testserver/new-case "HTTP/1.1 303 See Other"
2026-09-26 00:55:28,575 - apscheduler.scheduler - INFO - Scheduler has been shut down
2026-09-26 00:55:28,576 - app.scheduler - INFO - Scheduler shutdown successfully
2026-09-26 00:55:28,888 - apscheduler.scheduler - INFO - Adding job tentatively -- it will be properly scheduled when the scheduler starts
2026-09-26 00:55:28,889 - apscheduler.scheduler - INFO - Added job "Daily Document Check" to job store "default"
2026-09-26 00:55:28,889 - apscheduler.scheduler - INFO - Scheduler started
2026-09-26 00:55:28,889 - app.scheduler - INFO - Scheduler started successfully. Daily check scheduled for 9:00 AM.
2026-09-26 00:55:29,272 - app.main - INFO - Successful login for staff_a@example.com
2026-09-26 00:55:29,272 - httpx - INFO - HTTP Request: POST http://testserver/login "HTTP/1.1 303 See Other"
2026-09-26 00:55:29,289 - httpx - INFO - HTTP Request: GET http://testserver/new-case "HTTP/1.1 200 OK"
2026-09-26 00:55:29,290 - apscheduler.scheduler - INFO - Scheduler has been shut down
2026-09-26 00:55:29,291 - app.scheduler - INFO - Scheduler shutdown successfully
2026-09-26 00:55:29,416 - apscheduler.scheduler - INFO - Adding job tentatively -- it will be properly scheduled when the scheduler starts
2026-09-26 00:55:29,416 - apscheduler.scheduler - INFO - Added job "Daily Document Check" to job store "default"
2026-09-26 00:55:29,416 - apscheduler.scheduler - INFO - Scheduler started
2026-09-26 00:55:29,416 - app.scheduler - INFO - Scheduler started successfully. Daily check scheduled for 9:00 AM.
2026-09-26 00:55:29,800 - app.main - INFO - Successful login for staff_a@example.com
2026-09-26 00:55:29,801 - httpx - INFO - HTTP Request: POST http://testserver/login "HTTP/1.1 303 See Other"
2026-09-26 00:55:29,826 - httpx - INFO - HTTP Request: GET http://testserver/case/1 "HTTP/1.1 200 OK"
2026-09-26 00:55:29,827 - apscheduler.scheduler - INFO - Scheduler has been shut down
2026-09-26 00:55:29,827 - app.scheduler - INFO - Scheduler shutdown successfully
2026-09-26 00:55:29,955 - apscheduler.scheduler - INFO - Adding job tentatively -- it will be properly scheduled when the scheduler starts
2026-09-26 00:55:29,955 - apscheduler.scheduler - INFO - Added job "Daily Document Check" to job store "default"
2026-09-26 00:55:29,955 - apscheduler.scheduler - INFO - Scheduler started
2026-09-26 00:55:29,955 - app.scheduler - INFO - Scheduler started successfully. Daily check scheduled for 9:00 AM.
2026-09-26 00:55:30,338 - app.main - INFO - Successful login for staff_a@example.com
2026-09-26 00:55:30,338 - httpx - INFO - HTTP Request: POST http://testserver/login "HTTP/1.1 303 See Other"
2026-09-26 00:55:30,352 - httpx - INFO - HTTP Request: POST http://testserver/new-case "HTTP/1.1 200 OK"
2026-09-26 00:55:30,354 - apscheduler.scheduler - INFO - Scheduler has been shut down
2026-09-26 00:55:30,354 - app.scheduler - INFO - Scheduler shutdown successfully
2026-09-26 00:55:30,476 - apscheduler.scheduler - INFO - Adding job tentatively -- it will be properly scheduled when the scheduler starts
2026-09-26 00:55:30,476 - apscheduler.scheduler - INFO - Added job "Daily Document Check" to job store "default"
2026-09-26 00:55:30,476 - apscheduler.scheduler - INFO - Scheduler started
2026-09-26 00:55:30,476 - app.scheduler - INFO - Scheduler started successfully. Daily check scheduled for 9:00 AM.
2026-09-26 00:55:30,856 - app.main - INFO - Successful login for staff_a@example.com
2026-09-26 00:55:30,857 - httpx - INFO - HTTP Request: POST http://testserver/login "HTTP/1.1 303 See Other"
2026-09-26 00:55:30,890 - httpx - INFO - HTTP Request: POST http://testserver/case/1/upload "HTTP/1.1 200 OK"
2026-09-26 00:55:30,891 - apscheduler.scheduler - INFO - Scheduler has been shut down
2026-09-26 00:55:30,891 - app.scheduler - INFO - Scheduler shutdown successfully
2026-09-26 00:55:31,074 - apscheduler.scheduler - INFO - Adding job tentatively -- it will be properly scheduled when the scheduler starts
2026-09-26 00:55:31,074 - apscheduler.scheduler - INFO - Added job "Daily Document Check" to job store "default"
2026-09-26 00:55:31,074 - apscheduler.scheduler - INFO - Scheduler started
2026-09-26 00:55:31,075 - app.scheduler - INFO - Scheduler started successfully. Daily check scheduled for 9:00 AM.
2026-09-26 00:55:31,458 - app.main - INFO - Successful login for staff_a@example.com
2026-09-26 00:55:31,459 - httpx - INFO - HTTP Request: POST http://testserver/login "HTTP/1.1 303 See Other"
2026-09-26 00:55:31,482 - app.core.exceptions - WARNING - HTTP Exception: 404 - Document not found
2026-09-26 00:55:31,482 - httpx - INFO - HTTP Request: GET http://testserver/documents/1/download "HTTP/1.1 404 Not Found"
2026-09-26 00:55:31,483 - apscheduler.scheduler - INFO - Scheduler has been shut down
2026-09-26 00:55:31,484 - app.scheduler - INFO - Scheduler shutdown successfully
2026-09-26 00:55:31,604 - apscheduler.scheduler - INFO - Adding job tentatively -- it will be properly scheduled when the scheduler starts
2026-09-26 00:55:31,605 - apscheduler.scheduler - INFO - Added job "Daily Document Check" to job store "default"
2026-09-26 00:55:31,605 - apscheduler.scheduler - INFO - Scheduler started
2026-09-26 00:55:31,605 - app.scheduler - INFO - Scheduler started successfully. Daily check scheduled for 9:00 AM.
2026-09-26 00:55:31,986 - app.main - INFO - Successful login for staff_a@example.com
2026-09-26 00:55:31,987 - httpx - INFO - HTTP Request: POST http://testserver/login "HTTP/1.1 303 See Other"
2026-09-26 00:55:32,014 - httpx - INFO - HTTP Request: GET http://testserver/dashboard "HTTP/1.1 200 OK"
2026-09-26 00:55:32,015 - apscheduler.scheduler - INFO - Scheduler has been shut down
2026-09-26 00:55:32,015 - app.scheduler - INFO - Scheduler shutdown successfully
2026-09-26 00:55:32,162 - apscheduler.scheduler - INFO - Adding job tentatively -- it will be properly scheduled when the scheduler starts
2026-09-26 00:55:32,162 - apscheduler.scheduler - INFO - Added job "Daily Document Check" to job store "default"
2026-09-26 00:55:32,162 - apscheduler.scheduler - INFO - Scheduler started
2026-09-26 00:55:32,163 - app.scheduler - INFO - Scheduler started successfully. Daily check scheduled for 9:00 AM.
2026-09-26 00:55:32,549 - app.main - INFO - Successful login for staff_a@example.com
2026-09-26 00:55:32,549 - httpx - INFO - HTTP Request: POST http://testserver/login "HTTP/1.1 303 See Other"
2026-09-26 00:55:32,566 - httpx - INFO - HTTP Request: GET http://testserver/analytics/case-volume "HTTP/1.1 200 OK"
2026-09-26 00:55:32,567 - apscheduler.scheduler - INFO - Scheduler has been shut down
2026-09-26 00:55:32,568 - app.scheduler - INFO - Scheduler shutdown successfully
2026-09-26 00:55:32,715 - apscheduler.scheduler - INFO - Adding job tentatively -- it will be properly scheduled when the scheduler starts
2026-09-26 00:55:32,715 - apscheduler.scheduler - INFO - Added job "Daily Document Check" to job store "default"
2026-09-26 00:55:32,715 - apscheduler.scheduler - INFO - Scheduler started
2026-09-26 00:55:32,716 - app.scheduler - INFO - Scheduler started successfully. Daily check scheduled for 9:00 AM.
2026-09-26 00:55:33,097 - app.main - INFO - Successful login for staff_a@example.com
2026-09-26 00:55:33,097 - httpx - INFO - HTTP Request: POST http://testserver/login "HTTP/1.1 303 See Other"
2026-09-26 00:55:33,126 - httpx - INFO - HTTP Request: POST http://testserver/reminders/1/approve "HTTP/1.1 307 Temporary Redirect"
2026-09-26 00:55:33,127 - apscheduler.scheduler - INFO - Scheduler has been shut down
2026-09-26 00:55:33,127 - app.scheduler - INFO - Scheduler shutdown successfully
2026-09-26 00:55:33,249 - apscheduler.scheduler - INFO - Adding job tentatively -- it will be properly scheduled when the scheduler starts
2026-09-26 00:55:33,249 - apscheduler.scheduler - INFO - Added job "Daily Document Check" to job store "default"
2026-09-26 00:55:33,249 - apscheduler.scheduler - INFO - Scheduler started
2026-09-26 00:55:33,250 - app.scheduler - INFO - Scheduler started successfully. Daily check scheduled for 9:00 AM.
2026-09-26 00:55:33,253 - httpx - INFO - HTTP Request: GET http://testserver/forgot-password "HTTP/1.1 200 OK"
2026-09-26 00:55:33,255 - apscheduler.scheduler - INFO - Scheduler has been shut down
2026-09-26 00:55:33,255 - app.scheduler - INFO - Scheduler shutdown successfully
2026-09-26 00:55:33,380 - apscheduler.scheduler - INFO - Adding job tentatively -- it will be properly scheduled when the scheduler starts
2026-09-26 00:55:33,380 - apscheduler.scheduler - INFO - Added job "Daily Document Check" to job store "default"
2026-09-26 00:55:33,380 - apscheduler.scheduler - INFO - Scheduler started
2026-09-26 00:55:33,380 - app.scheduler - INFO - Scheduler started successfully. Daily check scheduled for 9:00 AM.
2026-09-26 00:55:34,570 - app.main - ERROR - Failed to send password reset email: API key is invalid
2026-09-26 00:55:34,573 - httpx - INFO - HTTP Request: POST http://testserver/forgot-password "HTTP/1.1 200 OK"
2026-09-26 00:55:34,575 - apscheduler.scheduler - INFO - Scheduler has been shut down
2026-09-26 00:55:34,575 - app.scheduler - INFO - Scheduler shutdown successfully
2026-09-26 00:55:34,712 - apscheduler.scheduler - INFO - Adding job tentatively -- it will be properly scheduled when the scheduler starts
2026-09-26 00:55:34,712 - apscheduler.scheduler - INFO - Added job "Daily Document Check" to job store "default"
2026-09-26 00:55:34,712 - apscheduler.scheduler - INFO - Scheduler started
2026-09-26 00:55:34,712 - app.scheduler - INFO - Scheduler started successfully. Daily check scheduled for 9:00 AM.
2026-09-26 00:55:34,715 - httpx - INFO - HTTP Request: POST http://testserver/forgot-password "HTTP/1.1 200 OK"
2026-09-26 00:55:34,716 - apscheduler.scheduler - INFO - Scheduler has been shut down
2026-09-26 00:55:34,717 - app.scheduler - INFO - Scheduler shutdown successfully
2026-09-26 00:55:34,847 - apscheduler.scheduler - INFO - Adding job tentatively -- it will be properly scheduled when the scheduler starts
2026-09-26 00:55:34,847 - apscheduler.scheduler - INFO - Added job "Daily Document Check" to job store "default"
2026-09-26 00:55:34,847 - apscheduler.scheduler - INFO - Scheduler started
2026-09-26 00:55:34,847 - app.scheduler - INFO - Scheduler started successfully. Daily check scheduled for 9:00 AM.
2026-09-26 00:55:35,244 - app.main - INFO - Password reset successful for test@example.com
2026-09-26 00:55:35,244 - httpx - INFO - HTTP Request: POST http://testserver/reset-password "HTTP/1.1 200 OK"
2026-09-26 00:55:35,432 - apscheduler.scheduler - INFO - Scheduler has been shut down
2026-09-26 00:55:35,432 - app.scheduler - INFO - Scheduler shutdown successfully
2026-09-26 00:55:35,564 - apscheduler.scheduler - INFO - Adding job tentatively -- it will be properly scheduled when the scheduler starts
2026-09-26 00:55:35,564 - apscheduler.scheduler - INFO - Added job "Daily Document Check" to job store "default"
2026-09-26 00:55:35,564 - apscheduler.scheduler - INFO - Scheduler started
2026-09-26 00:55:35,565 - app.scheduler - INFO - Scheduler started successfully. Daily check scheduled for 9:00 AM.
2026-09-26 00:55:35,770 - httpx - INFO - HTTP Request: POST http://testserver/reset-password "HTTP/1.1 200 OK"
2026-09-26 00:55:35,770 - apscheduler.scheduler - INFO - Scheduler has been shut down
2026-09-26 00:55:35,771 - app.scheduler - INFO - Scheduler shutdown successfully
2026-09-26 00:55:35,909 - apscheduler.scheduler - INFO - Adding job tentatively -- it will be properly scheduled when the scheduler starts
2026-09-26 00:55:35,910 - apscheduler.scheduler - INFO - Added job "Daily Document Check" to job store "default"
2026-09-26 00:55:35,910 - apscheduler.scheduler - INFO - Scheduler started
2026-09-26 00:55:35,910 - app.scheduler - INFO - Scheduler started successfully. Daily check scheduled for 9:00 AM.
2026-09-26 00:55:36,116 - httpx - INFO - HTTP Request: POST http://testserver/reset-password "HTTP/1.1 200 OK"
2026-09-26 00:55:36,118 - apscheduler.scheduler - INFO - Scheduler has been shut down
2026-09-26 00:55:36,118 - app.scheduler - INFO - Scheduler shutdown successfully
2026-09-26 00:55:36,251 - apscheduler.scheduler - INFO - Adding job tentatively -- it will be properly scheduled when the scheduler starts
2026-09-26 00:55:36,251 - apscheduler.scheduler - INFO - Added job "Daily Document Check" to job store "default"
2026-09-26 00:55:36,251 - apscheduler.scheduler - INFO - Scheduler started
2026-09-26 00:55:36,252 - app.scheduler - INFO - Scheduler started successfully. Daily check scheduled for 9:00 AM.
2026-09-26 00:55:36,658 - app.main - INFO - Password reset successful for test@example.com
2026-09-26 00:55:36,659 - httpx - INFO - HTTP Request: POST http://testserver/reset-password "HTTP/1.1 200 OK"
2026-09-26 00:55:36,845 - app.main - INFO - Successful login for test@example.com
2026-09-26 00:55:36,846 - httpx - INFO - HTTP Request: POST http://testserver/login "HTTP/1.1 303 See Other"
2026-09-26 00:55:36,847 - apscheduler.scheduler - INFO - Scheduler has been shut down
2026-09-26 00:55:36,848 - app.scheduler - INFO - Scheduler shutdown successfully
2026-09-26 00:55:36,998 - apscheduler.scheduler - INFO - Adding job tentatively -- it will be properly scheduled when the scheduler starts
2026-09-26 00:55:36,998 - apscheduler.scheduler - INFO - Added job "Daily Document Check" to job store "default"
2026-09-26 00:55:36,999 - apscheduler.scheduler - INFO - Scheduler started
2026-09-26 00:55:36,999 - app.scheduler - INFO - Scheduler started successfully. Daily check scheduled for 9:00 AM.
2026-09-26 00:55:37,007 - httpx - INFO - HTTP Request: GET http://testserver/status "HTTP/1.1 200 OK"
2026-09-26 00:55:37,008 - httpx - INFO - HTTP Request: GET http://testserver/status "HTTP/1.1 200 OK"
2026-09-26 00:55:37,009 - httpx - INFO - HTTP Request: GET http://testserver/status "HTTP/1.1 200 OK"
2026-09-26 00:55:37,010 - httpx - INFO - HTTP Request: GET http://testserver/status "HTTP/1.1 200 OK"
2026-09-26 00:55:37,011 - httpx - INFO - HTTP Request: GET http://testserver/status "HTTP/1.1 200 OK"
2026-09-26 00:55:37,011 - slowapi - WARNING - ratelimit 10 per 1 minute (testclient) exceeded at endpoint: /status
2026-09-26 00:55:37,012 - httpx - INFO - HTTP Request: GET http://testserver/status "HTTP/1.1 429 Too Many Requests"
2026-09-26 00:55:37,013 - slowapi - WARNING - ratelimit 10 per 1 minute (testclient) exceeded at endpoint: /status
2026-09-26 00:55:37,013 - httpx - INFO - HTTP Request: GET http://testserver/status "HTTP/1.1 429 Too Many Requests"
2026-09-26 00:55:37,014 - slowapi - WARNING - ratelimit 10 per 1 minute (testclient) exceeded at endpoint: /status
2026-09-26 00:55:37,014 - httpx - INFO - HTTP Request: GET http://testserver/status "HTTP/1.1 429 Too Many Requests"
2026-09-26 00:55:37,014 - slowapi - WARNING - ratelimit 10 per 1 minute (testclient) exceeded at endpoint: /status
2026-09-26 00:55:37,015 - httpx - INFO - HTTP Request: GET http://testserver/status "HTTP/1.1 429 Too Many Requests"
2026-09-26 00:55:37,016 - slowapi - WARNING - ratelimit 10 per 1 minute (testclient) exceeded at endpoint: /status
2026-09-26 00:55:37,017 - httpx - INFO - HTTP Request: GET http://testserver/status "HTTP/1.1 429 Too Many Requests"
2026-09-26 00:55:37,017 - slowapi - WARNING - ratelimit 10 per 1 minute (testclient) exceeded at endpoint: /status
2026-09-26 00:55:37,018 - httpx - INFO - HTTP Request: GET http://testserver/status "HTTP/1.1 429 Too Many Requests"
2026-09-26 00:55:37,021 - apscheduler.scheduler - INFO - Scheduler has been shut down
2026-09-26 00:55:37,022 - app.scheduler - INFO - Scheduler shutdown successfully
2026-09-26 00:55:37,160 - apscheduler.scheduler - INFO - Adding job tentatively -- it will be properly scheduled when the scheduler starts
2026-09-26 00:55:37,160 - apscheduler.scheduler - INFO - Added job "Daily Document Check" to job store "default"
2026-09-26 00:55:37,160 - apscheduler.scheduler - INFO - Scheduler started
2026-09-26 00:55:37,160 - app.scheduler - INFO - Scheduler started successfully. Daily check scheduled for 9:00 AM.
2026-09-26 00:55:37,168 - httpx - INFO - HTTP Request: POST http://testserver/status "HTTP/1.1 200 OK"
2026-09-26 00:55:37,170 - httpx - INFO - HTTP Request: POST http://testserver/status "HTTP/1.1 200 OK"
2026-09-26 00:55:37,171 - slowapi - WARNING - ratelimit 5 per 1 minute (testclient) exceeded at endpoint: /status
2026-09-26 00:55:37,171 - httpx - INFO - HTTP Request: POST http://testserver/status "HTTP/1.1 429 Too Many Requests"
2026-09-26 00:55:37,172 - slowapi - WARNING - ratelimit 5 per 1 minute (testclient) exceeded at endpoint: /status
2026-09-26 00:55:37,173 - httpx - INFO - HTTP Request: POST http://testserver/status "HTTP/1.1 429 Too Many Requests"
2026-09-26 00:55:37,173 - slowapi - WARNING - ratelimit 5 per 1 minute (testclient) exceeded at endpoint: /status
2026-09-26 00:55:37,174 - httpx - INFO - HTTP Request: POST http://testserver/status "HTTP/1.1 429 Too Many Requests"
2026-09-26 00:55:37,174 - slowapi - WARNING - ratelimit 5 per 1 minute (testclient) exceeded at endpoint: /status
2026-09-26 00:55:37,175 - httpx - INFO - HTTP Request: POST http://testserver/status "HTTP/1.1 429 Too Many Requests"
2026-09-26 00:55:37,176 - apscheduler.scheduler - INFO - Scheduler has been shut down
2026-09-26 00:55:37,176 - app.scheduler - INFO - Scheduler shutdown successfully
2026-09-26 00:55:37,302 - apscheduler.scheduler - INFO - Adding job tentatively -- it will be properly scheduled when the scheduler starts
2026-09-26 00:55:37,303 - apscheduler.scheduler - INFO - Added job "Daily Document Check" to job store "default"
2026-09-26 00:55:37,303 - apscheduler.scheduler - INFO - Scheduler started
2026-09-26 00:55:37,303 - app.scheduler - INFO - Scheduler started successfully. Daily check scheduled for 9:00 AM.
2026-09-26 00:55:37,686 - app.main - INFO - Successful login for test@example.com
2026-09-26 00:55:37,688 - httpx - INFO - HTTP Request: POST http://testserver/login "HTTP/1.1 303 See Other"
2026-09-26 00:55:37,690 - slowapi - WARNING - ratelimit 10 per 1 minute (testclient) exceeded at endpoint: /status
2026-09-26 00:55:37,690 - httpx - INFO - HTTP Request: GET http://testserver/status "HTTP/1.1 429 Too Many Requests"
2026-09-26 00:55:37,692 - apscheduler.scheduler - INFO - Scheduler has been shut down
2026-09-26 00:55:37,692 - app.scheduler - INFO - Scheduler shutdown successfully
2026-10-08 00:29:29,646 - apscheduler.scheduler - INFO - Adding job tentatively -- it will be properly scheduled when the scheduler starts
2026-10-08 00:29:29,648 - apscheduler.scheduler - INFO - Added job "Daily Document Check" to job store "default"
2026-10-08 00:29:29,648 - apscheduler.scheduler - INFO - Scheduler started
2026-10-08 00:29:29,649 - app.scheduler - INFO - Scheduler started successfully. Daily check scheduled for 9:00 AM.
2026-10-08 00:29:30,651 - app.main - INFO - Successful login for admin@example.com
2026-10-08 00:29:30,655 - httpx - INFO - HTTP Request: POST http://testserver/login "HTTP/1.1 303 See Other"
2026-10-08 00:29:30,764 - httpx - INFO - HTTP Request: GET http://testserver/admin/data-deletion "HTTP/1.1 200 OK"
2026-10-08 00:29:30,767 - apscheduler.scheduler - INFO - Scheduler has been shut down
2026-10-08 00:29:30,768 - app.scheduler - INFO - Scheduler shutdown successfully
2026-10-08 00:29:30,967 - apscheduler.scheduler - INFO - Adding job tentatively -- it will be properly scheduled when the scheduler starts
2026-10-08 00:29:30,967 - apscheduler.scheduler - INFO - Added job "Daily Document Check" to job store "default"
2026-10-08 00:29:30,967 - apscheduler.scheduler - INFO - Scheduler started
2026-10-08 00:29:30,969 - app.scheduler - INFO - Scheduler started successfully. Daily check scheduled for 9:00 AM.
2026-10-08 00:29:32,393 - app.main - INFO - Successful login for staff@example.com
2026-10-08 00:29:32,396 - httpx - INFO - HTTP Request: POST http://testserver/login "HTTP/1.1 303 See Other"
2026-10-08 00:29:32,460 - httpx - INFO - HTTP Request: GET http://testserver/admin/data-deletion "HTTP/1.1 200 OK"
2026-10-08 00:29:32,464 - apscheduler.scheduler - INFO - Scheduler has been shut down
2026-10-08 00:29:32,465 - app.scheduler - INFO - Scheduler shutdown successfully
2026-10-08 00:29:32,798 - apscheduler.scheduler - INFO - Adding job tentatively -- it will be properly scheduled when the scheduler starts
2026-10-08 00:29:32,799 - apscheduler.scheduler - INFO - Added job "Daily Document Check" to job store "default"
2026-10-08 00:29:32,800 - apscheduler.scheduler - INFO - Scheduler started
2026-10-08 00:29:32,801 - app.scheduler - INFO - Scheduler started successfully. Daily check scheduled for 9:00 AM.
2026-10-08 00:29:33,802 - app.main - INFO - Successful login for admin@example.com
2026-10-08 00:29:33,804 - httpx - INFO - HTTP Request: POST http://testserver/login "HTTP/1.1 303 See Other"
2026-10-08 00:29:33,871 - httpx - INFO - HTTP Request: POST http://testserver/admin/delete-customer "HTTP/1.1 200 OK"
2026-10-08 00:29:33,877 - apscheduler.scheduler - INFO - Scheduler has been shut down
2026-10-08 00:29:33,878 - app.scheduler - INFO - Scheduler shutdown successfully
2026-10-08 00:29:34,071 - apscheduler.scheduler - INFO - Adding job tentatively -- it will be properly scheduled when the scheduler starts
2026-10-08 00:29:34,071 - apscheduler.scheduler - INFO - Added job "Daily Document Check" to job store "default"
2026-10-08 00:29:34,072 - apscheduler.scheduler - INFO - Scheduler started
2026-10-08 00:29:34,073 - app.scheduler - INFO - Scheduler started successfully. Daily check scheduled for 9:00 AM.
2026-10-08 00:29:34,955 - app.main - INFO - Successful login for admin@example.com
2026-10-08 00:29:34,956 - httpx - INFO - HTTP Request: POST http://testserver/login "HTTP/1.1 303 See Other"
2026-10-08 00:29:40,151 - app.main - INFO - Deleted R2 file: test/key
2026-10-08 00:29:40,207 - app.main - WARNING - Customer Test Customer (ID: 1) and all associated data permanently deleted by admin@example.com
2026-10-08 00:29:40,282 - httpx - INFO - HTTP Request: POST http://testserver/admin/delete-customer "HTTP/1.1 200 OK"
2026-10-08 00:29:40,320 - apscheduler.scheduler - INFO - Scheduler has been shut down
2026-10-08 00:29:40,321 - app.scheduler - INFO - Scheduler shutdown successfully
2026-10-08 00:29:41,035 - apscheduler.scheduler - INFO - Adding job tentatively -- it will be properly scheduled when the scheduler starts
2026-10-08 00:29:41,036 - apscheduler.scheduler - INFO - Added job "Daily Document Check" to job store "default"
2026-10-08 00:29:41,036 - apscheduler.scheduler - INFO - Scheduler started
2026-10-08 00:29:41,038 - app.scheduler - INFO - Scheduler started successfully. Daily check scheduled for 9:00 AM.
2026-10-08 00:29:41,884 - app.main - INFO - Successful login for admin@example.com
2026-10-08 00:29:41,886 - httpx - INFO - HTTP Request: POST http://testserver/login "HTTP/1.1 303 See Other"
2026-10-08 00:29:42,218 - app.main - INFO - Deleted R2 file: test/key
2026-10-08 00:29:42,908 - app.main - WARNING - Customer Test Customer (ID: 1) and all associated data permanently deleted by admin@example.com
2026-10-08 00:29:42,919 - httpx - INFO - HTTP Request: POST http://testserver/admin/delete-customer "HTTP/1.1 200 OK"
2026-10-08 00:29:42,951 - apscheduler.scheduler - INFO - Scheduler has been shut down
2026-10-08 00:29:42,951 - app.scheduler - INFO - Scheduler shutdown successfully
2026-10-08 00:29:43,580 - apscheduler.scheduler - INFO - Adding job tentatively -- it will be properly scheduled when the scheduler starts
2026-10-08 00:29:43,581 - apscheduler.scheduler - INFO - Added job "Daily Document Check" to job store "default"
2026-10-08 00:29:43,581 - apscheduler.scheduler - INFO - Scheduler started
2026-10-08 00:29:43,583 - app.scheduler - INFO - Scheduler started successfully. Daily check scheduled for 9:00 AM.
2026-10-08 00:29:44,905 - app.main - INFO - Successful login for admin@example.com
2026-10-08 00:29:44,906 - httpx - INFO - HTTP Request: POST http://testserver/login "HTTP/1.1 303 See Other"
2026-10-08 00:29:44,930 - httpx - INFO - HTTP Request: POST http://testserver/admin/delete-customer "HTTP/1.1 200 OK"
2026-10-08 00:29:44,934 - apscheduler.scheduler - INFO - Scheduler has been shut down
2026-10-08 00:29:44,934 - app.scheduler - INFO - Scheduler shutdown successfully
2026-10-08 00:29:45,243 - apscheduler.scheduler - INFO - Adding job tentatively -- it will be properly scheduled when the scheduler starts
2026-10-08 00:29:45,243 - apscheduler.scheduler - INFO - Added job "Daily Document Check" to job store "default"
2026-10-08 00:29:45,243 - apscheduler.scheduler - INFO - Scheduler started
2026-10-08 00:29:45,245 - app.scheduler - INFO - Scheduler started successfully. Daily check scheduled for 9:00 AM.
2026-10-08 00:29:46,545 - app.main - INFO - Successful login for admin@example.com
2026-10-08 00:29:46,552 - httpx - INFO - HTTP Request: POST http://testserver/login "HTTP/1.1 303 See Other"
2026-10-08 00:29:46,573 - httpx - INFO - HTTP Request: POST http://testserver/admin/delete-customer "HTTP/1.1 200 OK"
2026-10-08 00:29:46,577 - apscheduler.scheduler - INFO - Scheduler has been shut down
2026-10-08 00:29:46,580 - app.scheduler - INFO - Scheduler shutdown successfully
2026-10-08 00:30:55,574 - apscheduler.scheduler - INFO - Adding job tentatively -- it will be properly scheduled when the scheduler starts
2026-10-08 00:30:55,575 - apscheduler.scheduler - INFO - Added job "Daily Document Check" to job store "default"
2026-10-08 00:30:55,575 - apscheduler.scheduler - INFO - Scheduler started
2026-10-08 00:30:55,577 - app.scheduler - INFO - Scheduler started successfully. Daily check scheduled for 9:00 AM.
2026-10-08 00:30:55,646 - httpx - INFO - HTTP Request: GET http://testserver/status "HTTP/1.1 200 OK"
2026-10-08 00:30:55,651 - httpx - INFO - HTTP Request: GET http://testserver/status "HTTP/1.1 200 OK"
2026-10-08 00:30:55,656 - httpx - INFO - HTTP Request: GET http://testserver/status "HTTP/1.1 200 OK"
2026-10-08 00:30:55,659 - httpx - INFO - HTTP Request: GET http://testserver/status "HTTP/1.1 200 OK"
2026-10-08 00:30:55,663 - httpx - INFO - HTTP Request: GET http://testserver/status "HTTP/1.1 200 OK"
2026-10-08 00:30:55,666 - httpx - INFO - HTTP Request: GET http://testserver/status "HTTP/1.1 200 OK"
2026-10-08 00:30:55,669 - httpx - INFO - HTTP Request: GET http://testserver/status "HTTP/1.1 200 OK"
2026-10-08 00:30:55,689 - httpx - INFO - HTTP Request: GET http://testserver/status "HTTP/1.1 200 OK"
2026-10-08 00:30:55,692 - httpx - INFO - HTTP Request: GET http://testserver/status "HTTP/1.1 200 OK"
2026-10-08 00:30:55,697 - httpx - INFO - HTTP Request: GET http://testserver/status "HTTP/1.1 200 OK"
2026-10-08 00:30:55,705 - slowapi - WARNING - ratelimit 10 per 1 minute (testclient) exceeded at endpoint: /status
2026-10-08 00:30:55,707 - httpx - INFO - HTTP Request: GET http://testserver/status "HTTP/1.1 429 Too Many Requests"
2026-10-08 00:30:55,710 - apscheduler.scheduler - INFO - Scheduler has been shut down
2026-10-08 00:30:55,712 - app.scheduler - INFO - Scheduler shutdown successfully
2026-10-08 00:30:55,906 - apscheduler.scheduler - INFO - Adding job tentatively -- it will be properly scheduled when the scheduler starts
2026-10-08 00:30:55,907 - apscheduler.scheduler - INFO - Added job "Daily Document Check" to job store "default"
2026-10-08 00:30:55,908 - apscheduler.scheduler - INFO - Scheduler started
2026-10-08 00:30:55,909 - app.scheduler - INFO - Scheduler started successfully. Daily check scheduled for 9:00 AM.
2026-10-08 00:30:55,977 - httpx - INFO - HTTP Request: POST http://testserver/status "HTTP/1.1 200 OK"
2026-10-08 00:30:55,986 - httpx - INFO - HTTP Request: POST http://testserver/status "HTTP/1.1 200 OK"
2026-10-08 00:30:55,994 - httpx - INFO - HTTP Request: POST http://testserver/status "HTTP/1.1 200 OK"
2026-10-08 00:30:55,999 - httpx - INFO - HTTP Request: POST http://testserver/status "HTTP/1.1 200 OK"
2026-10-08 00:30:56,003 - httpx - INFO - HTTP Request: POST http://testserver/status "HTTP/1.1 200 OK"
2026-10-08 00:30:56,010 - slowapi - WARNING - ratelimit 5 per 1 minute (testclient) exceeded at endpoint: /status
2026-10-08 00:30:56,011 - httpx - INFO - HTTP Request: POST http://testserver/status "HTTP/1.1 429 Too Many Requests"
2026-10-08 00:30:56,014 - apscheduler.scheduler - INFO - Scheduler has been shut down
2026-10-08 00:30:56,014 - app.scheduler - INFO - Scheduler shutdown successfully
2026-10-08 00:30:56,233 - apscheduler.scheduler - INFO - Adding job tentatively -- it will be properly scheduled when the scheduler starts
2026-10-08 00:30:56,233 - apscheduler.scheduler - INFO - Added job "Daily Document Check" to job store "default"
2026-10-08 00:30:56,234 - apscheduler.scheduler - INFO - Scheduler started
2026-10-08 00:30:56,235 - app.scheduler - INFO - Scheduler started successfully. Daily check scheduled for 9:00 AM.
2026-10-08 00:30:58,120 - app.main - INFO - Successful login for test@example.com
2026-10-08 00:30:58,121 - httpx - INFO - HTTP Request: POST http://testserver/login "HTTP/1.1 303 See Other"
2026-10-08 00:30:58,129 - httpx - INFO - HTTP Request: GET http://testserver/status "HTTP/1.1 200 OK"
2026-10-08 00:30:58,134 - apscheduler.scheduler - INFO - Scheduler has been shut down
2026-10-08 00:30:58,134 - app.scheduler - INFO - Scheduler shutdown successfully
2026-10-08 00:31:34,593 - apscheduler.scheduler - INFO - Adding job tentatively -- it will be properly scheduled when the scheduler starts
2026-10-08 00:31:34,593 - apscheduler.scheduler - INFO - Added job "Daily Document Check" to job store "default"
2026-10-08 00:31:34,594 - apscheduler.scheduler - INFO - Scheduler started
2026-10-08 00:31:34,595 - app.scheduler - INFO - Scheduler started successfully. Daily check scheduled for 9:00 AM.
2026-10-08 00:31:36,026 - httpx - INFO - HTTP Request: POST http://testserver/login "HTTP/1.1 200 OK"
2026-10-08 00:31:36,603 - httpx - INFO - HTTP Request: POST http://testserver/login "HTTP/1.1 200 OK"
2026-10-08 00:31:37,549 - httpx - INFO - HTTP Request: POST http://testserver/login "HTTP/1.1 200 OK"
2026-10-08 00:31:38,044 - httpx - INFO - HTTP Request: POST http://testserver/login "HTTP/1.1 200 OK"
2026-10-08 00:31:38,604 - app.main - WARNING - Account locked for test@example.com after 5 failed login attempts
2026-10-08 00:31:38,614 - httpx - INFO - HTTP Request: POST http://testserver/login "HTTP/1.1 200 OK"
2026-10-08 00:31:38,632 - httpx - INFO - HTTP Request: POST http://testserver/login "HTTP/1.1 200 OK"
2026-10-08 00:31:38,651 - apscheduler.scheduler - INFO - Scheduler has been shut down
2026-10-08 00:31:38,672 - app.scheduler - INFO - Scheduler shutdown successfully
2026-10-08 00:31:39,246 - apscheduler.scheduler - INFO - Adding job tentatively -- it will be properly scheduled when the scheduler starts
2026-10-08 00:31:39,247 - apscheduler.scheduler - INFO - Added job "Daily Document Check" to job store "default"
2026-10-08 00:31:39,247 - apscheduler.scheduler - INFO - Scheduler started
2026-10-08 00:31:39,248 - app.scheduler - INFO - Scheduler started successfully. Daily check scheduled for 9:00 AM.
2026-10-08 00:31:40,130 - httpx - INFO - HTTP Request: POST http://testserver/login "HTTP/1.1 200 OK"
2026-10-08 00:31:40,458 - httpx - INFO - HTTP Request: POST http://testserver/login "HTTP/1.1 200 OK"
2026-10-08 00:31:40,767 - httpx - INFO - HTTP Request: POST http://testserver/login "HTTP/1.1 200 OK"
2026-10-08 00:31:41,204 - app.main - INFO - Successful login for test@example.com
2026-10-08 00:31:41,219 - httpx - INFO - HTTP Request: POST http://testserver/login "HTTP/1.1 303 See Other"
2026-10-08 00:31:41,232 - apscheduler.scheduler - INFO - Scheduler has been shut down
2026-10-08 00:31:41,233 - app.scheduler - INFO - Scheduler shutdown successfully
2026-10-08 00:31:41,582 - apscheduler.scheduler - INFO - Adding job tentatively -- it will be properly scheduled when the scheduler starts
2026-10-08 00:31:41,584 - apscheduler.scheduler - INFO - Added job "Daily Document Check" to job store "default"
2026-10-08 00:31:41,584 - apscheduler.scheduler - INFO - Scheduler started
2026-10-08 00:31:41,585 - app.scheduler - INFO - Scheduler started successfully. Daily check scheduled for 9:00 AM.
2026-10-08 00:31:42,058 - slowapi - WARNING - ratelimit 10 per 1 minute (testclient) exceeded at endpoint: /login
2026-10-08 00:31:42,061 - httpx - INFO - HTTP Request: POST http://testserver/login "HTTP/1.1 429 Too Many Requests"
2026-10-08 00:31:42,319 - apscheduler.scheduler - INFO - Scheduler has been shut down
2026-10-08 00:31:42,319 - app.scheduler - INFO - Scheduler shutdown successfully
2026-10-08 00:31:42,812 - apscheduler.scheduler - INFO - Adding job tentatively -- it will be properly scheduled when the scheduler starts
2026-10-08 00:31:42,812 - apscheduler.scheduler - INFO - Added job "Daily Document Check" to job store "default"
2026-10-08 00:31:42,813 - apscheduler.scheduler - INFO - Scheduler started
2026-10-08 00:31:42,815 - app.scheduler - INFO - Scheduler started successfully. Daily check scheduled for 9:00 AM.
2026-10-08 00:31:43,629 - slowapi - WARNING - ratelimit 10 per 1 minute (testclient) exceeded at endpoint: /login
2026-10-08 00:31:43,633 - httpx - INFO - HTTP Request: POST http://testserver/login "HTTP/1.1 429 Too Many Requests"
2026-10-08 00:31:43,645 - apscheduler.scheduler - INFO - Scheduler has been shut down
2026-10-08 00:31:43,646 - app.scheduler - INFO - Scheduler shutdown successfully
2026-10-08 00:31:44,035 - apscheduler.scheduler - INFO - Adding job tentatively -- it will be properly scheduled when the scheduler starts
2026-10-08 00:31:44,036 - apscheduler.scheduler - INFO - Added job "Daily Document Check" to job store "default"
2026-10-08 00:31:44,036 - apscheduler.scheduler - INFO - Scheduler started
2026-10-08 00:31:44,040 - app.scheduler - INFO - Scheduler started successfully. Daily check scheduled for 9:00 AM.
2026-10-08 00:31:44,690 - slowapi - WARNING - ratelimit 10 per 1 minute (testclient) exceeded at endpoint: /login
2026-10-08 00:31:44,691 - httpx - INFO - HTTP Request: POST http://testserver/login "HTTP/1.1 429 Too Many Requests"
2026-10-08 00:31:44,698 - httpx - INFO - HTTP Request: GET http://testserver/admin/audit-log "HTTP/1.1 307 Temporary Redirect"
2026-10-08 00:31:44,705 - httpx - INFO - HTTP Request: GET http://testserver/login "HTTP/1.1 200 OK"
2026-10-08 00:31:44,756 - apscheduler.scheduler - INFO - Scheduler has been shut down
2026-10-08 00:31:44,758 - app.scheduler - INFO - Scheduler shutdown successfully
2026-10-08 00:31:45,324 - apscheduler.scheduler - INFO - Adding job tentatively -- it will be properly scheduled when the scheduler starts
2026-10-08 00:31:45,325 - apscheduler.scheduler - INFO - Added job "Daily Document Check" to job store "default"
2026-10-08 00:31:45,325 - apscheduler.scheduler - INFO - Scheduler started
2026-10-08 00:31:45,334 - app.scheduler - INFO - Scheduler started successfully. Daily check scheduled for 9:00 AM.
2026-10-08 00:31:46,724 - slowapi - WARNING - ratelimit 10 per 1 minute (testclient) exceeded at endpoint: /login
2026-10-08 00:31:46,727 - httpx - INFO - HTTP Request: POST http://testserver/login "HTTP/1.1 429 Too Many Requests"
2026-10-08 00:31:46,733 - httpx - INFO - HTTP Request: GET http://testserver/admin/audit-log "HTTP/1.1 307 Temporary Redirect"
2026-10-08 00:31:46,736 - httpx - INFO - HTTP Request: GET http://testserver/login "HTTP/1.1 200 OK"
2026-10-08 00:31:46,739 - apscheduler.scheduler - INFO - Scheduler has been shut down
2026-10-08 00:31:46,739 - app.scheduler - INFO - Scheduler shutdown successfully
2026-10-08 00:31:47,119 - apscheduler.scheduler - INFO - Adding job tentatively -- it will be properly scheduled when the scheduler starts
2026-10-08 00:31:47,120 - apscheduler.scheduler - INFO - Added job "Daily Document Check" to job store "default"
2026-10-08 00:31:47,120 - apscheduler.scheduler - INFO - Scheduler started
2026-10-08 00:31:47,121 - app.scheduler - INFO - Scheduler started successfully. Daily check scheduled for 9:00 AM.
2026-10-08 00:31:48,101 - slowapi - WARNING - ratelimit 10 per 1 minute (testclient) exceeded at endpoint: /login
2026-10-08 00:31:48,104 - httpx - INFO - HTTP Request: POST http://testserver/login "HTTP/1.1 429 Too Many Requests"
2026-10-08 00:31:48,195 - httpx - INFO - HTTP Request: GET http://testserver/admin/audit-log "HTTP/1.1 307 Temporary Redirect"
2026-10-08 00:31:48,208 - httpx - INFO - HTTP Request: GET http://testserver/login "HTTP/1.1 200 OK"
2026-10-08 00:31:48,228 - apscheduler.scheduler - INFO - Scheduler has been shut down
2026-10-08 00:31:48,229 - app.scheduler - INFO - Scheduler shutdown successfully
2026-10-08 00:32:03,089 - apscheduler.scheduler - INFO - Adding job tentatively -- it will be properly scheduled when the scheduler starts
2026-10-08 00:32:03,090 - apscheduler.scheduler - INFO - Added job "Daily Document Check" to job store "default"
2026-10-08 00:32:03,090 - apscheduler.scheduler - INFO - Scheduler started
2026-10-08 00:32:03,092 - app.scheduler - INFO - Scheduler started successfully. Daily check scheduled for 9:00 AM.
2026-10-08 00:32:03,640 - slowapi - WARNING - ratelimit 10 per 1 minute (testclient) exceeded at endpoint: /login
2026-10-08 00:32:03,643 - httpx - INFO - HTTP Request: POST http://testserver/login "HTTP/1.1 429 Too Many Requests"
2026-10-08 00:32:03,698 - httpx - INFO - HTTP Request: GET http://testserver/admin/audit-log?case_id=1 "HTTP/1.1 307 Temporary Redirect"
2026-10-08 00:32:03,705 - httpx - INFO - HTTP Request: GET http://testserver/login "HTTP/1.1 200 OK"
2026-10-08 00:32:03,709 - apscheduler.scheduler - INFO - Scheduler has been shut down
2026-10-08 00:32:03,710 - app.scheduler - INFO - Scheduler shutdown successfully
2026-10-08 00:32:04,068 - apscheduler.scheduler - INFO - Adding job tentatively -- it will be properly scheduled when the scheduler starts
2026-10-08 00:32:04,069 - apscheduler.scheduler - INFO - Added job "Daily Document Check" to job store "default"
2026-10-08 00:32:04,069 - apscheduler.scheduler - INFO - Scheduler started
2026-10-08 00:32:04,072 - app.scheduler - INFO - Scheduler started successfully. Daily check scheduled for 9:00 AM.
2026-10-08 00:32:04,673 - slowapi - WARNING - ratelimit 10 per 1 minute (testclient) exceeded at endpoint: /login
2026-10-08 00:32:04,676 - httpx - INFO - HTTP Request: POST http://testserver/login "HTTP/1.1 429 Too Many Requests"
2026-10-08 00:32:04,726 - httpx - INFO - HTTP Request: GET http://testserver/admin/audit-log?start_date=2026-10-08&end_date=2026-10-08 "HTTP/1.1 307 Temporary Redirect"
2026-10-08 00:32:04,731 - httpx - INFO - HTTP Request: GET http://testserver/login "HTTP/1.1 200 OK"
2026-10-08 00:32:04,737 - apscheduler.scheduler - INFO - Scheduler has been shut down
2026-10-08 00:32:04,737 - app.scheduler - INFO - Scheduler shutdown successfully
2026-10-08 00:32:05,183 - apscheduler.scheduler - INFO - Adding job tentatively -- it will be properly scheduled when the scheduler starts
2026-10-08 00:32:05,184 - apscheduler.scheduler - INFO - Added job "Daily Document Check" to job store "default"
2026-10-08 00:32:05,185 - apscheduler.scheduler - INFO - Scheduler started
2026-10-08 00:32:05,186 - app.scheduler - INFO - Scheduler started successfully. Daily check scheduled for 9:00 AM.
2026-10-08 00:32:05,842 - slowapi - WARNING - ratelimit 10 per 1 minute (testclient) exceeded at endpoint: /login
2026-10-08 00:32:05,845 - httpx - INFO - HTTP Request: POST http://testserver/login "HTTP/1.1 429 Too Many Requests"
2026-10-08 00:32:05,883 - httpx - INFO - HTTP Request: GET http://testserver/admin/audit-log "HTTP/1.1 307 Temporary Redirect"
2026-10-08 00:32:05,890 - httpx - INFO - HTTP Request: GET http://testserver/login "HTTP/1.1 200 OK"
2026-10-08 00:32:05,907 - apscheduler.scheduler - INFO - Scheduler has been shut down
2026-10-08 00:32:05,908 - app.scheduler - INFO - Scheduler shutdown successfully
2026-10-08 00:32:06,344 - apscheduler.scheduler - INFO - Adding job tentatively -- it will be properly scheduled when the scheduler starts
2026-10-08 00:32:06,344 - apscheduler.scheduler - INFO - Added job "Daily Document Check" to job store "default"
2026-10-08 00:32:06,345 - apscheduler.scheduler - INFO - Scheduler started
2026-10-08 00:32:06,347 - app.scheduler - INFO - Scheduler started successfully. Daily check scheduled for 9:00 AM.
2026-10-08 00:32:07,022 - slowapi - WARNING - ratelimit 10 per 1 minute (testclient) exceeded at endpoint: /login
2026-10-08 00:32:07,024 - httpx - INFO - HTTP Request: POST http://testserver/login "HTTP/1.1 429 Too Many Requests"
2026-10-08 00:32:07,081 - httpx - INFO - HTTP Request: GET http://testserver/admin/audit-log "HTTP/1.1 307 Temporary Redirect"
2026-10-08 00:32:07,088 - httpx - INFO - HTTP Request: GET http://testserver/login "HTTP/1.1 200 OK"
2026-10-08 00:32:07,107 - apscheduler.scheduler - INFO - Scheduler has been shut down
2026-10-08 00:32:07,108 - app.scheduler - INFO - Scheduler shutdown successfully
2026-10-08 00:32:07,560 - apscheduler.scheduler - INFO - Adding job tentatively -- it will be properly scheduled when the scheduler starts
2026-10-08 00:32:07,561 - apscheduler.scheduler - INFO - Added job "Daily Document Check" to job store "default"
2026-10-08 00:32:07,561 - apscheduler.scheduler - INFO - Scheduler started
2026-10-08 00:32:07,563 - app.scheduler - INFO - Scheduler started successfully. Daily check scheduled for 9:00 AM.
2026-10-08 00:32:08,147 - slowapi - WARNING - ratelimit 10 per 1 minute (testclient) exceeded at endpoint: /login
2026-10-08 00:32:08,149 - httpx - INFO - HTTP Request: POST http://testserver/login "HTTP/1.1 429 Too Many Requests"
2026-10-08 00:32:08,179 - httpx - INFO - HTTP Request: GET http://testserver/admin/audit-log "HTTP/1.1 307 Temporary Redirect"
2026-10-08 00:32:08,185 - httpx - INFO - HTTP Request: GET http://testserver/login "HTTP/1.1 200 OK"
2026-10-08 00:32:08,190 - apscheduler.scheduler - INFO - Scheduler has been shut down
2026-10-08 00:32:08,191 - app.scheduler - INFO - Scheduler shutdown successfully
2026-10-08 00:32:08,603 - apscheduler.scheduler - INFO - Adding job tentatively -- it will be properly scheduled when the scheduler starts
2026-10-08 00:32:08,604 - apscheduler.scheduler - INFO - Added job "Daily Document Check" to job store "default"
2026-10-08 00:32:08,604 - apscheduler.scheduler - INFO - Scheduler started
2026-10-08 00:32:08,606 - app.scheduler - INFO - Scheduler started successfully. Daily check scheduled for 9:00 AM.
2026-10-08 00:32:09,251 - slowapi - WARNING - ratelimit 10 per 1 minute (testclient) exceeded at endpoint: /login
2026-10-08 00:32:09,253 - httpx - INFO - HTTP Request: POST http://testserver/login "HTTP/1.1 429 Too Many Requests"
2026-10-08 00:32:09,333 - apscheduler.scheduler - INFO - Scheduler has been shut down
2026-10-08 00:32:09,335 - app.scheduler - INFO - Scheduler shutdown successfully
2026-10-08 00:32:09,684 - apscheduler.scheduler - INFO - Adding job tentatively -- it will be properly scheduled when the scheduler starts
2026-10-08 00:32:09,685 - apscheduler.scheduler - INFO - Added job "Daily Document Check" to job store "default"
2026-10-08 00:32:09,685 - apscheduler.scheduler - INFO - Scheduler started
2026-10-08 00:32:09,688 - app.scheduler - INFO - Scheduler started successfully. Daily check scheduled for 9:00 AM.
2026-10-08 00:32:10,247 - slowapi - WARNING - ratelimit 10 per 1 minute (testclient) exceeded at endpoint: /login
2026-10-08 00:32:10,250 - httpx - INFO - HTTP Request: POST http://testserver/login "HTTP/1.1 429 Too Many Requests"
2026-10-08 00:32:10,263 - apscheduler.scheduler - INFO - Scheduler has been shut down
2026-10-08 00:32:10,263 - app.scheduler - INFO - Scheduler shutdown successfully
2026-10-08 00:32:10,608 - apscheduler.scheduler - INFO - Adding job tentatively -- it will be properly scheduled when the scheduler starts
2026-10-08 00:32:10,609 - apscheduler.scheduler - INFO - Added job "Daily Document Check" to job store "default"
2026-10-08 00:32:10,610 - apscheduler.scheduler - INFO - Scheduler started
2026-10-08 00:32:10,613 - app.scheduler - INFO - Scheduler started successfully. Daily check scheduled for 9:00 AM.
2026-10-08 00:32:10,626 - slowapi - WARNING - ratelimit 10 per 1 minute (testclient) exceeded at endpoint: /login
2026-10-08 00:32:10,629 - httpx - INFO - HTTP Request: POST http://testserver/login "HTTP/1.1 429 Too Many Requests"
2026-10-08 00:32:10,647 - apscheduler.scheduler - INFO - Scheduler has been shut down
2026-10-08 00:32:10,648 - app.scheduler - INFO - Scheduler shutdown successfully
2026-10-08 00:32:11,143 - apscheduler.scheduler - INFO - Adding job tentatively -- it will be properly scheduled when the scheduler starts
2026-10-08 00:32:11,143 - apscheduler.scheduler - INFO - Added job "Daily Document Check" to job store "default"
2026-10-08 00:32:11,144 - apscheduler.scheduler - INFO - Scheduler started
2026-10-08 00:32:11,166 - app.scheduler - INFO - Scheduler started successfully. Daily check scheduled for 9:00 AM.
2026-10-08 00:32:13,267 - slowapi - WARNING - ratelimit 10 per 1 minute (testclient) exceeded at endpoint: /login
2026-10-08 00:32:13,269 - httpx - INFO - HTTP Request: POST http://testserver/login "HTTP/1.1 429 Too Many Requests"
2026-10-08 00:32:13,294 - apscheduler.scheduler - INFO - Scheduler has been shut down
2026-10-08 00:32:13,296 - app.scheduler - INFO - Scheduler shutdown successfully
2026-10-08 00:32:13,996 - apscheduler.scheduler - INFO - Adding job tentatively -- it will be properly scheduled when the scheduler starts
2026-10-08 00:32:13,997 - apscheduler.scheduler - INFO - Added job "Daily Document Check" to job store "default"
2026-10-08 00:32:13,997 - apscheduler.scheduler - INFO - Scheduler started
2026-10-08 00:32:13,999 - app.scheduler - INFO - Scheduler started successfully. Daily check scheduled for 9:00 AM.
2026-10-08 00:32:14,655 - slowapi - WARNING - ratelimit 10 per 1 minute (testclient) exceeded at endpoint: /login
2026-10-08 00:32:14,658 - httpx - INFO - HTTP Request: POST http://testserver/login "HTTP/1.1 429 Too Many Requests"
2026-10-08 00:32:14,673 - app.main - INFO - User logged out
2026-10-08 00:32:14,679 - httpx - INFO - HTTP Request: GET http://testserver/logout "HTTP/1.1 307 Temporary Redirect"
2026-10-08 00:32:14,733 - httpx - INFO - HTTP Request: GET http://testserver/dashboard "HTTP/1.1 307 Temporary Redirect"
2026-10-08 00:32:14,745 - apscheduler.scheduler - INFO - Scheduler has been shut down
2026-10-08 00:32:14,746 - app.scheduler - INFO - Scheduler shutdown successfully
2026-10-08 00:32:15,468 - apscheduler.scheduler - INFO - Adding job tentatively -- it will be properly scheduled when the scheduler starts
2026-10-08 00:32:15,469 - apscheduler.scheduler - INFO - Added job "Daily Document Check" to job store "default"
2026-10-08 00:32:15,469 - apscheduler.scheduler - INFO - Scheduler started
2026-10-08 00:32:15,470 - app.scheduler - INFO - Scheduler started successfully. Daily check scheduled for 9:00 AM.
2026-10-08 00:32:15,473 - httpx - INFO - HTTP Request: GET http://testserver/dashboard "HTTP/1.1 307 Temporary Redirect"
2026-10-08 00:32:15,475 - apscheduler.scheduler - INFO - Scheduler has been shut down
2026-10-08 00:32:15,475 - app.scheduler - INFO - Scheduler shutdown successfully
2026-10-08 00:32:15,733 - apscheduler.scheduler - INFO - Adding job tentatively -- it will be properly scheduled when the scheduler starts
2026-10-08 00:32:15,733 - apscheduler.scheduler - INFO - Added job "Daily Document Check" to job store "default"
2026-10-08 00:32:15,734 - apscheduler.scheduler - INFO - Scheduler started
2026-10-08 00:32:15,734 - app.scheduler - INFO - Scheduler started successfully. Daily check scheduled for 9:00 AM.
2026-10-08 00:32:16,005 - slowapi - WARNING - ratelimit 10 per 1 minute (testclient) exceeded at endpoint: /login
2026-10-08 00:32:16,007 - httpx - INFO - HTTP Request: POST http://testserver/login "HTTP/1.1 429 Too Many Requests"
2026-10-08 00:32:16,012 - httpx - INFO - HTTP Request: GET http://testserver/admin/data-deletion "HTTP/1.1 307 Temporary Redirect"
2026-10-08 00:32:16,017 - httpx - INFO - HTTP Request: GET http://testserver/login "HTTP/1.1 200 OK"
2026-10-08 00:32:16,052 - apscheduler.scheduler - INFO - Scheduler has been shut down
2026-10-08 00:32:16,052 - app.scheduler - INFO - Scheduler shutdown successfully
2026-10-08 00:32:16,352 - apscheduler.scheduler - INFO - Adding job tentatively -- it will be properly scheduled when the scheduler starts
2026-10-08 00:32:16,353 - apscheduler.scheduler - INFO - Added job "Daily Document Check" to job store "default"
2026-10-08 00:32:16,353 - apscheduler.scheduler - INFO - Scheduler started
2026-10-08 00:32:16,354 - app.scheduler - INFO - Scheduler started successfully. Daily check scheduled for 9:00 AM.
2026-10-08 00:32:16,582 - slowapi - WARNING - ratelimit 10 per 1 minute (testclient) exceeded at endpoint: /login
2026-10-08 00:32:16,583 - httpx - INFO - HTTP Request: POST http://testserver/login "HTTP/1.1 429 Too Many Requests"
2026-10-08 00:32:16,587 - httpx - INFO - HTTP Request: GET http://testserver/admin/data-deletion "HTTP/1.1 307 Temporary Redirect"
2026-10-08 00:32:16,588 - httpx - INFO - HTTP Request: GET http://testserver/login "HTTP/1.1 200 OK"
2026-10-08 00:32:16,590 - apscheduler.scheduler - INFO - Scheduler has been shut down
2026-10-08 00:32:16,590 - app.scheduler - INFO - Scheduler shutdown successfully
2026-10-08 00:32:16,735 - apscheduler.scheduler - INFO - Adding job tentatively -- it will be properly scheduled when the scheduler starts
2026-10-08 00:32:16,735 - apscheduler.scheduler - INFO - Added job "Daily Document Check" to job store "default"
2026-10-08 00:32:16,735 - apscheduler.scheduler - INFO - Scheduler started
2026-10-08 00:32:16,736 - app.scheduler - INFO - Scheduler started successfully. Daily check scheduled for 9:00 AM.
2026-10-08 00:32:16,985 - slowapi - WARNING - ratelimit 10 per 1 minute (testclient) exceeded at endpoint: /login
2026-10-08 00:32:16,986 - httpx - INFO - HTTP Request: POST http://testserver/login "HTTP/1.1 429 Too Many Requests"
2026-10-08 00:32:17,004 - httpx - INFO - HTTP Request: POST http://testserver/admin/delete-customer "HTTP/1.1 307 Temporary Redirect"
2026-10-08 00:32:17,009 - apscheduler.scheduler - INFO - Scheduler has been shut down
2026-10-08 00:32:17,010 - app.scheduler - INFO - Scheduler shutdown successfully
2026-10-08 00:32:17,219 - apscheduler.scheduler - INFO - Adding job tentatively -- it will be properly scheduled when the scheduler starts
2026-10-08 00:32:17,220 - apscheduler.scheduler - INFO - Added job "Daily Document Check" to job store "default"
2026-10-08 00:32:17,220 - apscheduler.scheduler - INFO - Scheduler started
2026-10-08 00:32:17,220 - app.scheduler - INFO - Scheduler started successfully. Daily check scheduled for 9:00 AM.
2026-10-08 00:32:17,475 - slowapi - WARNING - ratelimit 10 per 1 minute (testclient) exceeded at endpoint: /login
2026-10-08 00:32:17,476 - httpx - INFO - HTTP Request: POST http://testserver/login "HTTP/1.1 429 Too Many Requests"
2026-10-08 00:32:17,491 - httpx - INFO - HTTP Request: POST http://testserver/admin/delete-customer "HTTP/1.1 307 Temporary Redirect"
2026-10-08 00:32:17,502 - apscheduler.scheduler - INFO - Scheduler has been shut down
2026-10-08 00:32:17,503 - app.scheduler - INFO - Scheduler shutdown successfully
2026-10-08 00:32:17,671 - apscheduler.scheduler - INFO - Adding job tentatively -- it will be properly scheduled when the scheduler starts
2026-10-08 00:32:17,672 - apscheduler.scheduler - INFO - Added job "Daily Document Check" to job store "default"
2026-10-08 00:32:17,672 - apscheduler.scheduler - INFO - Scheduler started
2026-10-08 00:32:17,673 - app.scheduler - INFO - Scheduler started successfully. Daily check scheduled for 9:00 AM.
2026-10-08 00:32:17,916 - slowapi - WARNING - ratelimit 10 per 1 minute (testclient) exceeded at endpoint: /login
2026-10-08 00:32:17,916 - httpx - INFO - HTTP Request: POST http://testserver/login "HTTP/1.1 429 Too Many Requests"
2026-10-08 00:32:17,927 - httpx - INFO - HTTP Request: POST http://testserver/admin/delete-customer "HTTP/1.1 307 Temporary Redirect"
2026-10-08 00:32:17,935 - apscheduler.scheduler - INFO - Scheduler has been shut down
2026-10-08 00:32:17,935 - app.scheduler - INFO - Scheduler shutdown successfully
2026-10-08 00:32:18,088 - apscheduler.scheduler - INFO - Adding job tentatively -- it will be properly scheduled when the scheduler starts
2026-10-08 00:32:18,089 - apscheduler.scheduler - INFO - Added job "Daily Document Check" to job store "default"
2026-10-08 00:32:18,089 - apscheduler.scheduler - INFO - Scheduler started
2026-10-08 00:32:18,090 - app.scheduler - INFO - Scheduler started successfully. Daily check scheduled for 9:00 AM.
2026-10-08 00:32:18,501 - slowapi - WARNING - ratelimit 10 per 1 minute (testclient) exceeded at endpoint: /login
2026-10-08 00:32:18,502 - httpx - INFO - HTTP Request: POST http://testserver/login "HTTP/1.1 429 Too Many Requests"
2026-10-08 00:32:18,517 - httpx - INFO - HTTP Request: POST http://testserver/admin/delete-customer "HTTP/1.1 307 Temporary Redirect"
2026-10-08 00:32:18,523 - apscheduler.scheduler - INFO - Scheduler has been shut down
2026-10-08 00:32:18,524 - app.scheduler - INFO - Scheduler shutdown successfully
2026-10-08 00:32:18,757 - apscheduler.scheduler - INFO - Adding job tentatively -- it will be properly scheduled when the scheduler starts
2026-10-08 00:32:18,758 - apscheduler.scheduler - INFO - Added job "Daily Document Check" to job store "default"
2026-10-08 00:32:18,758 - apscheduler.scheduler - INFO - Scheduler started
2026-10-08 00:32:18,758 - app.scheduler - INFO - Scheduler started successfully. Daily check scheduled for 9:00 AM.
2026-10-08 00:32:19,416 - slowapi - WARNING - ratelimit 10 per 1 minute (testclient) exceeded at endpoint: /login
2026-10-08 00:32:19,418 - httpx - INFO - HTTP Request: POST http://testserver/login "HTTP/1.1 429 Too Many Requests"
2026-10-08 00:32:19,427 - httpx - INFO - HTTP Request: POST http://testserver/admin/delete-customer "HTTP/1.1 307 Temporary Redirect"
2026-10-08 00:32:19,458 - apscheduler.scheduler - INFO - Scheduler has been shut down
2026-10-08 00:32:19,459 - app.scheduler - INFO - Scheduler shutdown successfully
2026-10-08 00:32:20,139 - apscheduler.scheduler - INFO - Adding job tentatively -- it will be properly scheduled when the scheduler starts
2026-10-08 00:32:20,139 - apscheduler.scheduler - INFO - Added job "Daily Document Check" to job store "default"
2026-10-08 00:32:20,139 - apscheduler.scheduler - INFO - Scheduler started
2026-10-08 00:32:20,140 - app.scheduler - INFO - Scheduler started successfully. Daily check scheduled for 9:00 AM.
2026-10-08 00:32:26,598 - slowapi - WARNING - ratelimit 10 per 1 minute (testclient) exceeded at endpoint: /login
2026-10-08 00:32:26,600 - httpx - INFO - HTTP Request: POST http://testserver/login "HTTP/1.1 429 Too Many Requests"
2026-10-08 00:32:26,745 - httpx - INFO - HTTP Request: POST http://testserver/new-case "HTTP/1.1 307 Temporary Redirect"
2026-10-08 00:32:26,902 - apscheduler.scheduler - INFO - Scheduler has been shut down
2026-10-08 00:32:26,903 - app.scheduler - INFO - Scheduler shutdown successfully
2026-10-08 00:32:28,956 - apscheduler.scheduler - INFO - Adding job tentatively -- it will be properly scheduled when the scheduler starts
2026-10-08 00:32:28,957 - apscheduler.scheduler - INFO - Added job "Daily Document Check" to job store "default"
2026-10-08 00:32:28,957 - apscheduler.scheduler - INFO - Scheduler started
2026-10-08 00:32:28,959 - app.scheduler - INFO - Scheduler started successfully. Daily check scheduled for 9:00 AM.
2026-10-08 00:32:29,455 - slowapi - WARNING - ratelimit 10 per 1 minute (testclient) exceeded at endpoint: /login
2026-10-08 00:32:29,458 - httpx - INFO - HTTP Request: POST http://testserver/login "HTTP/1.1 429 Too Many Requests"
2026-10-08 00:32:29,488 - httpx - INFO - HTTP Request: POST http://testserver/new-case "HTTP/1.1 307 Temporary Redirect"
2026-10-08 00:32:29,500 - apscheduler.scheduler - INFO - Scheduler has been shut down
2026-10-08 00:32:29,501 - app.scheduler - INFO - Scheduler shutdown successfully
2026-10-08 00:32:30,316 - apscheduler.scheduler - INFO - Adding job tentatively -- it will be properly scheduled when the scheduler starts
2026-10-08 00:32:30,317 - apscheduler.scheduler - INFO - Added job "Daily Document Check" to job store "default"
2026-10-08 00:32:30,318 - apscheduler.scheduler - INFO - Scheduler started
2026-10-08 00:32:30,319 - app.scheduler - INFO - Scheduler started successfully. Daily check scheduled for 9:00 AM.
2026-10-08 00:32:31,021 - slowapi - WARNING - ratelimit 10 per 1 minute (testclient) exceeded at endpoint: /login
2026-10-08 00:32:31,025 - httpx - INFO - HTTP Request: POST http://testserver/login "HTTP/1.1 429 Too Many Requests"
2026-10-08 00:32:31,069 - httpx - INFO - HTTP Request: GET http://testserver/new-case "HTTP/1.1 307 Temporary Redirect"
2026-10-08 00:32:31,075 - httpx - INFO - HTTP Request: GET http://testserver/login "HTTP/1.1 200 OK"
2026-10-08 00:32:31,079 - apscheduler.scheduler - INFO - Scheduler has been shut down
2026-10-08 00:32:31,080 - app.scheduler - INFO - Scheduler shutdown successfully
2026-10-08 00:32:31,481 - apscheduler.scheduler - INFO - Adding job tentatively -- it will be properly scheduled when the scheduler starts
2026-10-08 00:32:31,481 - apscheduler.scheduler - INFO - Added job "Daily Document Check" to job store "default"
2026-10-08 00:32:31,482 - apscheduler.scheduler - INFO - Scheduler started
2026-10-08 00:32:31,483 - app.scheduler - INFO - Scheduler started successfully. Daily check scheduled for 9:00 AM.
2026-10-08 00:32:32,029 - slowapi - WARNING - ratelimit 10 per 1 minute (testclient) exceeded at endpoint: /login
2026-10-08 00:32:32,030 - httpx - INFO - HTTP Request: POST http://testserver/login "HTTP/1.1 429 Too Many Requests"
2026-10-08 00:32:32,079 - httpx - INFO - HTTP Request: GET http://testserver/case/1 "HTTP/1.1 307 Temporary Redirect"
2026-10-08 00:32:32,086 - httpx - INFO - HTTP Request: GET http://testserver/login "HTTP/1.1 200 OK"
2026-10-08 00:32:32,138 - apscheduler.scheduler - INFO - Scheduler has been shut down
2026-10-08 00:32:32,139 - app.scheduler - INFO - Scheduler shutdown successfully
2026-10-08 00:32:32,515 - apscheduler.scheduler - INFO - Adding job tentatively -- it will be properly scheduled when the scheduler starts
2026-10-08 00:32:32,515 - apscheduler.scheduler - INFO - Added job "Daily Document Check" to job store "default"
2026-10-08 00:32:32,516 - apscheduler.scheduler - INFO - Scheduler started
2026-10-08 00:32:32,517 - app.scheduler - INFO - Scheduler started successfully. Daily check scheduled for 9:00 AM.
2026-10-08 00:32:32,794 - slowapi - WARNING - ratelimit 10 per 1 minute (testclient) exceeded at endpoint: /login
2026-10-08 00:32:32,795 - httpx - INFO - HTTP Request: POST http://testserver/login "HTTP/1.1 429 Too Many Requests"
2026-10-08 00:32:32,820 - httpx - INFO - HTTP Request: POST http://testserver/new-case "HTTP/1.1 307 Temporary Redirect"
2026-10-08 00:32:32,830 - apscheduler.scheduler - INFO - Scheduler has been shut down
2026-10-08 00:32:32,831 - app.scheduler - INFO - Scheduler shutdown successfully
2026-10-08 00:32:33,085 - apscheduler.scheduler - INFO - Adding job tentatively -- it will be properly scheduled when the scheduler starts
2026-10-08 00:32:33,085 - apscheduler.scheduler - INFO - Added job "Daily Document Check" to job store "default"
2026-10-08 00:32:33,085 - apscheduler.scheduler - INFO - Scheduler started
2026-10-08 00:32:33,086 - app.scheduler - INFO - Scheduler started successfully. Daily check scheduled for 9:00 AM.
2026-10-08 00:32:33,383 - slowapi - WARNING - ratelimit 10 per 1 minute (testclient) exceeded at endpoint: /login
2026-10-08 00:32:33,384 - httpx - INFO - HTTP Request: POST http://testserver/login "HTTP/1.1 429 Too Many Requests"
2026-10-08 00:32:33,417 - httpx - INFO - HTTP Request: POST http://testserver/case/1/upload "HTTP/1.1 307 Temporary Redirect"
2026-10-08 00:32:33,428 - apscheduler.scheduler - INFO - Scheduler has been shut down
2026-10-08 00:32:33,428 - app.scheduler - INFO - Scheduler shutdown successfully
2026-10-08 00:32:33,742 - apscheduler.scheduler - INFO - Adding job tentatively -- it will be properly scheduled when the scheduler starts
2026-10-08 00:32:33,744 - apscheduler.scheduler - INFO - Added job "Daily Document Check" to job store "default"
2026-10-08 00:32:33,744 - apscheduler.scheduler - INFO - Scheduler started
2026-10-08 00:32:33,748 - app.scheduler - INFO - Scheduler started successfully. Daily check scheduled for 9:00 AM.
2026-10-08 00:32:34,021 - slowapi - WARNING - ratelimit 10 per 1 minute (testclient) exceeded at endpoint: /login
2026-10-08 00:32:34,023 - httpx - INFO - HTTP Request: POST http://testserver/login "HTTP/1.1 429 Too Many Requests"
2026-10-08 00:32:34,067 - httpx - INFO - HTTP Request: GET http://testserver/documents/1/download "HTTP/1.1 307 Temporary Redirect"
2026-10-08 00:32:34,069 - httpx - INFO - HTTP Request: GET http://testserver/login "HTTP/1.1 200 OK"
2026-10-08 00:32:34,074 - apscheduler.scheduler - INFO - Scheduler has been shut down
2026-10-08 00:32:34,075 - app.scheduler - INFO - Scheduler shutdown successfully
2026-10-08 00:32:34,275 - apscheduler.scheduler - INFO - Adding job tentatively -- it will be properly scheduled when the scheduler starts
2026-10-08 00:32:34,275 - apscheduler.scheduler - INFO - Added job "Daily Document Check" to job store "default"
2026-10-08 00:32:34,275 - apscheduler.scheduler - INFO - Scheduler started
2026-10-08 00:32:34,276 - app.scheduler - INFO - Scheduler started successfully. Daily check scheduled for 9:00 AM.
2026-10-08 00:32:34,532 - slowapi - WARNING - ratelimit 10 per 1 minute (testclient) exceeded at endpoint: /login
2026-10-08 00:32:34,533 - httpx - INFO - HTTP Request: POST http://testserver/login "HTTP/1.1 429 Too Many Requests"
2026-10-08 00:32:34,573 - httpx - INFO - HTTP Request: GET http://testserver/dashboard "HTTP/1.1 307 Temporary Redirect"
2026-10-08 00:32:34,575 - httpx - INFO - HTTP Request: GET http://testserver/login "HTTP/1.1 200 OK"
2026-10-08 00:32:34,581 - apscheduler.scheduler - INFO - Scheduler has been shut down
2026-10-08 00:32:34,582 - app.scheduler - INFO - Scheduler shutdown successfully
2026-10-08 00:32:34,751 - apscheduler.scheduler - INFO - Adding job tentatively -- it will be properly scheduled when the scheduler starts
2026-10-08 00:32:34,751 - apscheduler.scheduler - INFO - Added job "Daily Document Check" to job store "default"
2026-10-08 00:32:34,751 - apscheduler.scheduler - INFO - Scheduler started
2026-10-08 00:32:34,751 - app.scheduler - INFO - Scheduler started successfully. Daily check scheduled for 9:00 AM.
2026-10-08 00:32:35,026 - slowapi - WARNING - ratelimit 10 per 1 minute (testclient) exceeded at endpoint: /login
2026-10-08 00:32:35,027 - httpx - INFO - HTTP Request: POST http://testserver/login "HTTP/1.1 429 Too Many Requests"
2026-10-08 00:32:35,075 - app.core.exceptions - WARNING - HTTP Exception: 401 - Not authenticated
2026-10-08 00:32:35,075 - httpx - INFO - HTTP Request: GET http://testserver/analytics/case-volume "HTTP/1.1 401 Unauthorized"
2026-10-08 00:32:35,082 - apscheduler.scheduler - INFO - Scheduler has been shut down
2026-10-08 00:32:35,084 - app.scheduler - INFO - Scheduler shutdown successfully
2026-10-08 00:32:35,266 - apscheduler.scheduler - INFO - Adding job tentatively -- it will be properly scheduled when the scheduler starts
2026-10-08 00:32:35,266 - apscheduler.scheduler - INFO - Added job "Daily Document Check" to job store "default"
2026-10-08 00:32:35,266 - apscheduler.scheduler - INFO - Scheduler started
2026-10-08 00:32:35,267 - app.scheduler - INFO - Scheduler started successfully. Daily check scheduled for 9:00 AM.
2026-10-08 00:32:35,967 - app.main - INFO - Successful login for staff_a@example.com
2026-10-08 00:32:35,968 - httpx - INFO - HTTP Request: POST http://testserver/login "HTTP/1.1 303 See Other"
2026-10-08 00:32:36,041 - httpx - INFO - HTTP Request: POST http://testserver/reminders/1/approve "HTTP/1.1 307 Temporary Redirect"
2026-10-08 00:32:36,044 - apscheduler.scheduler - INFO - Scheduler has been shut down
2026-10-08 00:32:36,045 - app.scheduler - INFO - Scheduler shutdown successfully
2026-10-08 00:32:36,408 - apscheduler.scheduler - INFO - Adding job tentatively -- it will be properly scheduled when the scheduler starts
2026-10-08 00:32:36,409 - apscheduler.scheduler - INFO - Added job "Daily Document Check" to job store "default"
2026-10-08 00:32:36,417 - apscheduler.scheduler - INFO - Scheduler started
2026-10-08 00:32:36,429 - app.scheduler - INFO - Scheduler started successfully. Daily check scheduled for 9:00 AM.
2026-10-08 00:32:36,649 - httpx - INFO - HTTP Request: GET http://testserver/forgot-password "HTTP/1.1 200 OK"
2026-10-08 00:32:36,656 - apscheduler.scheduler - INFO - Scheduler has been shut down
2026-10-08 00:32:36,657 - app.scheduler - INFO - Scheduler shutdown successfully
2026-10-08 00:32:37,083 - apscheduler.scheduler - INFO - Adding job tentatively -- it will be properly scheduled when the scheduler starts
2026-10-08 00:32:37,084 - apscheduler.scheduler - INFO - Added job "Daily Document Check" to job store "default"
2026-10-08 00:32:37,085 - apscheduler.scheduler - INFO - Scheduler started
2026-10-08 00:32:37,086 - app.scheduler - INFO - Scheduler started successfully. Daily check scheduled for 9:00 AM.
2026-10-08 00:32:45,343 - app.main - ERROR - Failed to send password reset email: API key is invalid
2026-10-08 00:32:45,345 - httpx - INFO - HTTP Request: POST http://testserver/forgot-password "HTTP/1.1 200 OK"
2026-10-08 00:32:45,349 - apscheduler.scheduler - INFO - Scheduler has been shut down
2026-10-08 00:32:45,350 - app.scheduler - INFO - Scheduler shutdown successfully
2026-10-08 00:32:45,565 - apscheduler.scheduler - INFO - Adding job tentatively -- it will be properly scheduled when the scheduler starts
2026-10-08 00:32:45,566 - apscheduler.scheduler - INFO - Added job "Daily Document Check" to job store "default"
2026-10-08 00:32:45,566 - apscheduler.scheduler - INFO - Scheduler started
2026-10-08 00:32:45,567 - app.scheduler - INFO - Scheduler started successfully. Daily check scheduled for 9:00 AM.
2026-10-08 00:32:45,573 - httpx - INFO - HTTP Request: POST http://testserver/forgot-password "HTTP/1.1 200 OK"
2026-10-08 00:32:45,577 - apscheduler.scheduler - INFO - Scheduler has been shut down
2026-10-08 00:32:45,578 - app.scheduler - INFO - Scheduler shutdown successfully
2026-10-08 00:32:46,204 - apscheduler.scheduler - INFO - Adding job tentatively -- it will be properly scheduled when the scheduler starts
2026-10-08 00:32:46,205 - apscheduler.scheduler - INFO - Added job "Daily Document Check" to job store "default"
2026-10-08 00:32:46,205 - apscheduler.scheduler - INFO - Scheduler started
2026-10-08 00:32:46,206 - app.scheduler - INFO - Scheduler started successfully. Daily check scheduled for 9:00 AM.
2026-10-08 00:32:48,834 - app.main - INFO - Password reset successful for test@example.com
2026-10-08 00:32:48,838 - httpx - INFO - HTTP Request: POST http://testserver/reset-password "HTTP/1.1 200 OK"
2026-10-08 00:32:49,704 - apscheduler.scheduler - INFO - Scheduler has been shut down
2026-10-08 00:32:49,705 - app.scheduler - INFO - Scheduler shutdown successfully
2026-10-08 00:32:50,305 - apscheduler.scheduler - INFO - Adding job tentatively -- it will be properly scheduled when the scheduler starts
2026-10-08 00:32:50,308 - apscheduler.scheduler - INFO - Added job "Daily Document Check" to job store "default"
2026-10-08 00:32:50,308 - apscheduler.scheduler - INFO - Scheduler started
2026-10-08 00:32:50,311 - app.scheduler - INFO - Scheduler started successfully. Daily check scheduled for 9:00 AM.
2026-10-08 00:32:52,659 - httpx - INFO - HTTP Request: POST http://testserver/reset-password "HTTP/1.1 200 OK"
2026-10-08 00:32:52,662 - apscheduler.scheduler - INFO - Scheduler has been shut down
2026-10-08 00:32:52,663 - app.scheduler - INFO - Scheduler shutdown successfully
2026-10-08 00:32:53,123 - apscheduler.scheduler - INFO - Adding job tentatively -- it will be properly scheduled when the scheduler starts
2026-10-08 00:32:53,123 - apscheduler.scheduler - INFO - Added job "Daily Document Check" to job store "default"
2026-10-08 00:32:53,124 - apscheduler.scheduler - INFO - Scheduler started
2026-10-08 00:32:53,131 - app.scheduler - INFO - Scheduler started successfully. Daily check scheduled for 9:00 AM.
2026-10-08 00:32:53,656 - httpx - INFO - HTTP Request: POST http://testserver/reset-password "HTTP/1.1 200 OK"
2026-10-08 00:32:53,659 - apscheduler.scheduler - INFO - Scheduler has been shut down
2026-10-08 00:32:53,660 - app.scheduler - INFO - Scheduler shutdown successfully
2026-10-08 00:32:54,278 - apscheduler.scheduler - INFO - Adding job tentatively -- it will be properly scheduled when the scheduler starts
2026-10-08 00:32:54,279 - apscheduler.scheduler - INFO - Added job "Daily Document Check" to job store "default"
2026-10-08 00:32:54,280 - apscheduler.scheduler - INFO - Scheduler started
2026-10-08 00:32:54,281 - app.scheduler - INFO - Scheduler started successfully. Daily check scheduled for 9:00 AM.
2026-10-08 00:32:55,306 - app.main - INFO - Password reset successful for test@example.com
2026-10-08 00:32:55,309 - httpx - INFO - HTTP Request: POST http://testserver/reset-password "HTTP/1.1 200 OK"
2026-10-08 00:32:55,774 - app.main - INFO - Successful login for test@example.com
2026-10-08 00:32:55,775 - httpx - INFO - HTTP Request: POST http://testserver/login "HTTP/1.1 303 See Other"
2026-10-08 00:32:55,778 - apscheduler.scheduler - INFO - Scheduler has been shut down
2026-10-08 00:32:55,779 - app.scheduler - INFO - Scheduler shutdown successfully
2026-10-08 00:32:55,989 - apscheduler.scheduler - INFO - Adding job tentatively -- it will be properly scheduled when the scheduler starts
2026-10-08 00:32:55,990 - apscheduler.scheduler - INFO - Added job "Daily Document Check" to job store "default"
2026-10-08 00:32:55,990 - apscheduler.scheduler - INFO - Scheduler started
2026-10-08 00:32:55,991 - app.scheduler - INFO - Scheduler started successfully. Daily check scheduled for 9:00 AM.
2026-10-08 00:32:56,020 - httpx - INFO - HTTP Request: GET http://testserver/status "HTTP/1.1 200 OK"
2026-10-08 00:32:56,027 - httpx - INFO - HTTP Request: GET http://testserver/status "HTTP/1.1 200 OK"
2026-10-08 00:32:56,031 - httpx - INFO - HTTP Request: GET http://testserver/status "HTTP/1.1 200 OK"
2026-10-08 00:32:56,038 - httpx - INFO - HTTP Request: GET http://testserver/status "HTTP/1.1 200 OK"
2026-10-08 00:32:56,040 - httpx - INFO - HTTP Request: GET http://testserver/status "HTTP/1.1 200 OK"
2026-10-08 00:32:56,043 - httpx - INFO - HTTP Request: GET http://testserver/status "HTTP/1.1 200 OK"
2026-10-08 00:32:56,046 - httpx - INFO - HTTP Request: GET http://testserver/status "HTTP/1.1 200 OK"
2026-10-08 00:32:56,048 - httpx - INFO - HTTP Request: GET http://testserver/status "HTTP/1.1 200 OK"
2026-10-08 00:32:56,050 - httpx - INFO - HTTP Request: GET http://testserver/status "HTTP/1.1 200 OK"
2026-10-08 00:32:56,055 - httpx - INFO - HTTP Request: GET http://testserver/status "HTTP/1.1 200 OK"
2026-10-08 00:32:56,058 - slowapi - WARNING - ratelimit 10 per 1 minute (testclient) exceeded at endpoint: /status
2026-10-08 00:32:56,060 - httpx - INFO - HTTP Request: GET http://testserver/status "HTTP/1.1 429 Too Many Requests"
2026-10-08 00:32:56,062 - apscheduler.scheduler - INFO - Scheduler has been shut down
2026-10-08 00:32:56,063 - app.scheduler - INFO - Scheduler shutdown successfully
2026-10-08 00:32:56,277 - apscheduler.scheduler - INFO - Adding job tentatively -- it will be properly scheduled when the scheduler starts
2026-10-08 00:32:56,280 - apscheduler.scheduler - INFO - Added job "Daily Document Check" to job store "default"
2026-10-08 00:32:56,280 - apscheduler.scheduler - INFO - Scheduler started
2026-10-08 00:32:56,284 - app.scheduler - INFO - Scheduler started successfully. Daily check scheduled for 9:00 AM.
2026-10-08 00:32:56,325 - httpx - INFO - HTTP Request: POST http://testserver/status "HTTP/1.1 200 OK"
2026-10-08 00:32:56,336 - httpx - INFO - HTTP Request: POST http://testserver/status "HTTP/1.1 200 OK"
2026-10-08 00:32:56,344 - httpx - INFO - HTTP Request: POST http://testserver/status "HTTP/1.1 200 OK"
2026-10-08 00:32:56,352 - httpx - INFO - HTTP Request: POST http://testserver/status "HTTP/1.1 200 OK"
2026-10-08 00:32:56,359 - httpx - INFO - HTTP Request: POST http://testserver/status "HTTP/1.1 200 OK"
2026-10-08 00:32:56,366 - slowapi - WARNING - ratelimit 5 per 1 minute (testclient) exceeded at endpoint: /status
2026-10-08 00:32:56,368 - httpx - INFO - HTTP Request: POST http://testserver/status "HTTP/1.1 429 Too Many Requests"
2026-10-08 00:32:56,371 - apscheduler.scheduler - INFO - Scheduler has been shut down
2026-10-08 00:32:56,372 - app.scheduler - INFO - Scheduler shutdown successfully
2026-10-08 00:32:56,651 - apscheduler.scheduler - INFO - Adding job tentatively -- it will be properly scheduled when the scheduler starts
2026-10-08 00:32:56,652 - apscheduler.scheduler - INFO - Added job "Daily Document Check" to job store "default"
2026-10-08 00:32:56,652 - apscheduler.scheduler - INFO - Scheduler started
2026-10-08 00:32:56,653 - app.scheduler - INFO - Scheduler started successfully. Daily check scheduled for 9:00 AM.
2026-10-08 00:32:57,656 - app.main - INFO - Successful login for test@example.com
2026-10-08 00:32:57,659 - httpx - INFO - HTTP Request: POST http://testserver/login "HTTP/1.1 303 See Other"
2026-10-08 00:32:57,664 - httpx - INFO - HTTP Request: GET http://testserver/status "HTTP/1.1 200 OK"
2026-10-08 00:32:57,667 - apscheduler.scheduler - INFO - Scheduler has been shut down
2026-10-08 00:32:57,667 - app.scheduler - INFO - Scheduler shutdown successfully
2026-10-08 00:34:45,491 - slowapi - INFO - Storage has been reset and all limits cleared
2026-10-08 00:34:45,500 - apscheduler.scheduler - INFO - Adding job tentatively -- it will be properly scheduled when the scheduler starts
2026-10-08 00:34:45,501 - apscheduler.scheduler - INFO - Added job "Daily Document Check" to job store "default"
2026-10-08 00:34:45,501 - apscheduler.scheduler - INFO - Scheduler started
2026-10-08 00:34:45,505 - app.scheduler - INFO - Scheduler started successfully. Daily check scheduled for 9:00 AM.
2026-10-08 00:34:48,236 - httpx - INFO - HTTP Request: POST http://testserver/login "HTTP/1.1 200 OK"
2026-10-08 00:34:48,701 - httpx - INFO - HTTP Request: POST http://testserver/login "HTTP/1.1 200 OK"
2026-10-08 00:34:49,192 - httpx - INFO - HTTP Request: POST http://testserver/login "HTTP/1.1 200 OK"
2026-10-08 00:34:49,739 - httpx - INFO - HTTP Request: POST http://testserver/login "HTTP/1.1 200 OK"
2026-10-08 00:34:50,201 - app.main - WARNING - Account locked for test@example.com after 5 failed login attempts
2026-10-08 00:34:50,241 - httpx - INFO - HTTP Request: POST http://testserver/login "HTTP/1.1 200 OK"
2026-10-08 00:34:50,250 - httpx - INFO - HTTP Request: POST http://testserver/login "HTTP/1.1 200 OK"
2026-10-08 00:34:50,253 - apscheduler.scheduler - INFO - Scheduler has been shut down
2026-10-08 00:34:50,254 - app.scheduler - INFO - Scheduler shutdown successfully
2026-10-08 00:34:50,257 - slowapi - INFO - Storage has been reset and all limits cleared
2026-10-08 00:34:50,454 - slowapi - INFO - Storage has been reset and all limits cleared
2026-10-08 00:34:50,458 - apscheduler.scheduler - INFO - Adding job tentatively -- it will be properly scheduled when the scheduler starts
2026-10-08 00:34:50,460 - apscheduler.scheduler - INFO - Added job "Daily Document Check" to job store "default"
2026-10-08 00:34:50,460 - apscheduler.scheduler - INFO - Scheduler started
2026-10-08 00:34:50,461 - app.scheduler - INFO - Scheduler started successfully. Daily check scheduled for 9:00 AM.
2026-10-08 00:34:51,409 - httpx - INFO - HTTP Request: POST http://testserver/login "HTTP/1.1 200 OK"
2026-10-08 00:34:51,917 - httpx - INFO - HTTP Request: POST http://testserver/login "HTTP/1.1 200 OK"
2026-10-08 00:34:52,273 - httpx - INFO - HTTP Request: POST http://testserver/login "HTTP/1.1 200 OK"
2026-10-08 00:34:53,072 - app.main - INFO - Successful login for test@example.com
2026-10-08 00:34:53,080 - httpx - INFO - HTTP Request: POST http://testserver/login "HTTP/1.1 303 See Other"
2026-10-08 00:34:53,091 - apscheduler.scheduler - INFO - Scheduler has been shut down
2026-10-08 00:34:53,093 - app.scheduler - INFO - Scheduler shutdown successfully
2026-10-08 00:34:53,102 - slowapi - INFO - Storage has been reset and all limits cleared
2026-10-08 00:34:53,289 - slowapi - INFO - Storage has been reset and all limits cleared
2026-10-08 00:34:53,293 - apscheduler.scheduler - INFO - Adding job tentatively -- it will be properly scheduled when the scheduler starts
2026-10-08 00:34:53,294 - apscheduler.scheduler - INFO - Added job "Daily Document Check" to job store "default"
2026-10-08 00:34:53,294 - apscheduler.scheduler - INFO - Scheduler started
2026-10-08 00:34:53,295 - app.scheduler - INFO - Scheduler started successfully. Daily check scheduled for 9:00 AM.
2026-10-08 00:34:54,022 - httpx - INFO - HTTP Request: POST http://testserver/login "HTTP/1.1 200 OK"
2026-10-08 00:34:54,030 - apscheduler.scheduler - INFO - Scheduler has been shut down
2026-10-08 00:34:54,031 - app.scheduler - INFO - Scheduler shutdown successfully
2026-10-08 00:34:54,033 - slowapi - INFO - Storage has been reset and all limits cleared
2026-10-08 00:34:54,337 - slowapi - INFO - Storage has been reset and all limits cleared
2026-10-08 00:34:54,342 - apscheduler.scheduler - INFO - Adding job tentatively -- it will be properly scheduled when the scheduler starts
2026-10-08 00:34:54,343 - apscheduler.scheduler - INFO - Added job "Daily Document Check" to job store "default"
2026-10-08 00:34:54,343 - apscheduler.scheduler - INFO - Scheduler started
2026-10-08 00:34:54,344 - app.scheduler - INFO - Scheduler started successfully. Daily check scheduled for 9:00 AM.
2026-10-08 00:34:55,359 - app.main - INFO - Successful login for test@example.com
2026-10-08 00:34:55,360 - httpx - INFO - HTTP Request: POST http://testserver/login "HTTP/1.1 303 See Other"
2026-10-08 00:34:55,363 - apscheduler.scheduler - INFO - Scheduler has been shut down
2026-10-08 00:34:55,364 - app.scheduler - INFO - Scheduler shutdown successfully
2026-10-08 00:34:55,365 - slowapi - INFO - Storage has been reset and all limits cleared
2026-10-08 00:34:55,715 - slowapi - INFO - Storage has been reset and all limits cleared
2026-10-08 00:34:55,720 - apscheduler.scheduler - INFO - Adding job tentatively -- it will be properly scheduled when the scheduler starts
2026-10-08 00:34:55,720 - apscheduler.scheduler - INFO - Added job "Daily Document Check" to job store "default"
2026-10-08 00:34:55,720 - apscheduler.scheduler - INFO - Scheduler started
2026-10-08 00:34:55,723 - app.scheduler - INFO - Scheduler started successfully. Daily check scheduled for 9:00 AM.
2026-10-08 00:34:56,698 - app.main - INFO - Successful login for admin@example.com
2026-10-08 00:34:56,700 - httpx - INFO - HTTP Request: POST http://testserver/login "HTTP/1.1 303 See Other"
2026-10-08 00:34:56,747 - httpx - INFO - HTTP Request: GET http://testserver/admin/audit-log "HTTP/1.1 200 OK"
2026-10-08 00:34:56,748 - apscheduler.scheduler - INFO - Scheduler has been shut down
2026-10-08 00:34:56,749 - app.scheduler - INFO - Scheduler shutdown successfully
2026-10-08 00:34:56,750 - slowapi - INFO - Storage has been reset and all limits cleared
2026-10-08 00:34:56,928 - slowapi - INFO - Storage has been reset and all limits cleared
2026-10-08 00:34:56,932 - apscheduler.scheduler - INFO - Adding job tentatively -- it will be properly scheduled when the scheduler starts
2026-10-08 00:34:56,933 - apscheduler.scheduler - INFO - Added job "Daily Document Check" to job store "default"
2026-10-08 00:34:56,933 - apscheduler.scheduler - INFO - Scheduler started
2026-10-08 00:34:56,934 - app.scheduler - INFO - Scheduler started successfully. Daily check scheduled for 9:00 AM.
2026-10-08 00:34:59,861 - app.main - INFO - Successful login for staff@example.com
2026-10-08 00:34:59,861 - httpx - INFO - HTTP Request: POST http://testserver/login "HTTP/1.1 303 See Other"
2026-10-08 00:34:59,898 - httpx - INFO - HTTP Request: GET http://testserver/admin/audit-log "HTTP/1.1 200 OK"
2026-10-08 00:34:59,905 - apscheduler.scheduler - INFO - Scheduler has been shut down
2026-10-08 00:34:59,905 - app.scheduler - INFO - Scheduler shutdown successfully
2026-10-08 00:34:59,908 - slowapi - INFO - Storage has been reset and all limits cleared
2026-10-08 00:35:00,125 - slowapi - INFO - Storage has been reset and all limits cleared
2026-10-08 00:35:00,131 - apscheduler.scheduler - INFO - Adding job tentatively -- it will be properly scheduled when the scheduler starts
2026-10-08 00:35:00,132 - apscheduler.scheduler - INFO - Added job "Daily Document Check" to job store "default"
2026-10-08 00:35:00,132 - apscheduler.scheduler - INFO - Scheduler started
2026-10-08 00:35:00,133 - app.scheduler - INFO - Scheduler started successfully. Daily check scheduled for 9:00 AM.
2026-10-08 00:35:00,940 - app.main - INFO - Successful login for admin@example.com
2026-10-08 00:35:00,942 - httpx - INFO - HTTP Request: POST http://testserver/login "HTTP/1.1 303 See Other"
2026-10-08 00:35:00,973 - httpx - INFO - HTTP Request: GET http://testserver/admin/audit-log "HTTP/1.1 200 OK"
2026-10-08 00:35:00,977 - apscheduler.scheduler - INFO - Scheduler has been shut down
2026-10-08 00:35:00,978 - app.scheduler - INFO - Scheduler shutdown successfully
2026-10-08 00:35:00,979 - slowapi - INFO - Storage has been reset and all limits cleared
2026-10-08 00:35:01,160 - slowapi - INFO - Storage has been reset and all limits cleared
2026-10-08 00:35:01,164 - apscheduler.scheduler - INFO - Adding job tentatively -- it will be properly scheduled when the scheduler starts
2026-10-08 00:35:01,165 - apscheduler.scheduler - INFO - Added job "Daily Document Check" to job store "default"
2026-10-08 00:35:01,165 - apscheduler.scheduler - INFO - Scheduler started
2026-10-08 00:35:01,166 - app.scheduler - INFO - Scheduler started successfully. Daily check scheduled for 9:00 AM.
2026-10-08 00:35:02,083 - app.main - INFO - Successful login for admin@example.com
2026-10-08 00:35:02,084 - httpx - INFO - HTTP Request: POST http://testserver/login "HTTP/1.1 303 See Other"
2026-10-08 00:35:02,120 - httpx - INFO - HTTP Request: GET http://testserver/admin/audit-log?case_id=1 "HTTP/1.1 200 OK"
2026-10-08 00:35:02,124 - apscheduler.scheduler - INFO - Scheduler has been shut down
2026-10-08 00:35:02,124 - app.scheduler - INFO - Scheduler shutdown successfully
2026-10-08 00:35:02,125 - slowapi - INFO - Storage has been reset and all limits cleared
2026-10-08 00:35:02,418 - slowapi - INFO - Storage has been reset and all limits cleared
2026-10-08 00:35:02,456 - apscheduler.scheduler - INFO - Adding job tentatively -- it will be properly scheduled when the scheduler starts
2026-10-08 00:35:02,457 - apscheduler.scheduler - INFO - Added job "Daily Document Check" to job store "default"
2026-10-08 00:35:02,458 - apscheduler.scheduler - INFO - Scheduler started
2026-10-08 00:35:02,460 - app.scheduler - INFO - Scheduler started successfully. Daily check scheduled for 9:00 AM.
2026-10-08 00:35:03,413 - app.main - INFO - Successful login for admin@example.com
2026-10-08 00:35:03,417 - httpx - INFO - HTTP Request: POST http://testserver/login "HTTP/1.1 303 See Other"
2026-10-08 00:35:03,459 - httpx - INFO - HTTP Request: GET http://testserver/admin/audit-log?start_date=2026-10-08&end_date=2026-10-08 "HTTP/1.1 200 OK"
2026-10-08 00:35:03,462 - apscheduler.scheduler - INFO - Scheduler has been shut down
2026-10-08 00:35:03,463 - app.scheduler - INFO - Scheduler shutdown successfully
2026-10-08 00:35:03,465 - slowapi - INFO - Storage has been reset and all limits cleared
2026-10-08 00:35:03,649 - slowapi - INFO - Storage has been reset and all limits cleared
2026-10-08 00:35:03,654 - apscheduler.scheduler - INFO - Adding job tentatively -- it will be properly scheduled when the scheduler starts
2026-10-08 00:35:03,655 - apscheduler.scheduler - INFO - Added job "Daily Document Check" to job store "default"
2026-10-08 00:35:03,655 - apscheduler.scheduler - INFO - Scheduler started
2026-10-08 00:35:03,656 - app.scheduler - INFO - Scheduler started successfully. Daily check scheduled for 9:00 AM.
2026-10-08 00:35:04,633 - app.main - INFO - Successful login for admin@example.com
2026-10-08 00:35:04,634 - httpx - INFO - HTTP Request: POST http://testserver/login "HTTP/1.1 303 See Other"
2026-10-08 00:35:04,660 - httpx - INFO - HTTP Request: GET http://testserver/admin/audit-log "HTTP/1.1 200 OK"
2026-10-08 00:35:04,663 - apscheduler.scheduler - INFO - Scheduler has been shut down
2026-10-08 00:35:04,664 - app.scheduler - INFO - Scheduler shutdown successfully
2026-10-08 00:35:04,666 - slowapi - INFO - Storage has been reset and all limits cleared
2026-10-08 00:35:05,309 - slowapi - INFO - Storage has been reset and all limits cleared
2026-10-08 00:35:05,359 - apscheduler.scheduler - INFO - Adding job tentatively -- it will be properly scheduled when the scheduler starts
2026-10-08 00:35:05,360 - apscheduler.scheduler - INFO - Added job "Daily Document Check" to job store "default"
2026-10-08 00:35:05,361 - apscheduler.scheduler - INFO - Scheduler started
2026-10-08 00:35:05,363 - app.scheduler - INFO - Scheduler started successfully. Daily check scheduled for 9:00 AM.
2026-10-08 00:35:07,396 - app.main - INFO - Successful login for admin@example.com
2026-10-08 00:35:07,397 - httpx - INFO - HTTP Request: POST http://testserver/login "HTTP/1.1 303 See Other"
2026-10-08 00:35:07,432 - httpx - INFO - HTTP Request: GET http://testserver/admin/audit-log "HTTP/1.1 200 OK"
2026-10-08 00:35:07,443 - apscheduler.scheduler - INFO - Scheduler has been shut down
2026-10-08 00:35:07,443 - app.scheduler - INFO - Scheduler shutdown successfully
2026-10-08 00:35:07,444 - slowapi - INFO - Storage has been reset and all limits cleared
2026-10-08 00:35:07,625 - slowapi - INFO - Storage has been reset and all limits cleared
2026-10-08 00:35:07,628 - apscheduler.scheduler - INFO - Adding job tentatively -- it will be properly scheduled when the scheduler starts
2026-10-08 00:35:07,629 - apscheduler.scheduler - INFO - Added job "Daily Document Check" to job store "default"
2026-10-08 00:35:07,629 - apscheduler.scheduler - INFO - Scheduler started
2026-10-08 00:35:07,630 - app.scheduler - INFO - Scheduler started successfully. Daily check scheduled for 9:00 AM.
2026-10-08 00:35:08,556 - app.main - INFO - Successful login for admin@example.com
2026-10-08 00:35:08,557 - httpx - INFO - HTTP Request: POST http://testserver/login "HTTP/1.1 303 See Other"
2026-10-08 00:35:08,611 - httpx - INFO - HTTP Request: GET http://testserver/admin/audit-log "HTTP/1.1 200 OK"
2026-10-08 00:35:08,614 - apscheduler.scheduler - INFO - Scheduler has been shut down
2026-10-08 00:35:08,615 - app.scheduler - INFO - Scheduler shutdown successfully
2026-10-08 00:35:08,617 - slowapi - INFO - Storage has been reset and all limits cleared
2026-10-08 00:35:08,842 - slowapi - INFO - Storage has been reset and all limits cleared
2026-10-08 00:35:08,857 - apscheduler.scheduler - INFO - Adding job tentatively -- it will be properly scheduled when the scheduler starts
2026-10-08 00:35:08,858 - apscheduler.scheduler - INFO - Added job "Daily Document Check" to job store "default"
2026-10-08 00:35:08,858 - apscheduler.scheduler - INFO - Scheduler started
2026-10-08 00:35:08,860 - app.scheduler - INFO - Scheduler started successfully. Daily check scheduled for 9:00 AM.
2026-10-08 00:35:09,982 - app.main - INFO - Successful login for test@example.com
2026-10-08 00:35:09,984 - httpx - INFO - HTTP Request: POST http://testserver/login "HTTP/1.1 303 See Other"
2026-10-08 00:35:09,991 - httpx - INFO - HTTP Request: GET http://testserver/dashboard "HTTP/1.1 200 OK"
2026-10-08 00:35:09,994 - apscheduler.scheduler - INFO - Scheduler has been shut down
2026-10-08 00:35:09,995 - app.scheduler - INFO - Scheduler shutdown successfully
2026-10-08 00:35:09,999 - slowapi - INFO - Storage has been reset and all limits cleared
2026-10-08 00:35:10,177 - slowapi - INFO - Storage has been reset and all limits cleared
2026-10-08 00:35:10,180 - apscheduler.scheduler - INFO - Adding job tentatively -- it will be properly scheduled when the scheduler starts
2026-10-08 00:35:10,180 - apscheduler.scheduler - INFO - Added job "Daily Document Check" to job store "default"
2026-10-08 00:35:10,181 - apscheduler.scheduler - INFO - Scheduler started
2026-10-08 00:35:10,182 - app.scheduler - INFO - Scheduler started successfully. Daily check scheduled for 9:00 AM.
2026-10-08 00:35:11,255 - httpx - INFO - HTTP Request: POST http://testserver/login "HTTP/1.1 200 OK"
2026-10-08 00:35:11,259 - apscheduler.scheduler - INFO - Scheduler has been shut down
2026-10-08 00:35:11,259 - app.scheduler - INFO - Scheduler shutdown successfully
2026-10-08 00:35:11,261 - slowapi - INFO - Storage has been reset and all limits cleared
2026-10-08 00:35:11,477 - slowapi - INFO - Storage has been reset and all limits cleared
2026-10-08 00:35:11,481 - apscheduler.scheduler - INFO - Adding job tentatively -- it will be properly scheduled when the scheduler starts
2026-10-08 00:35:11,482 - apscheduler.scheduler - INFO - Added job "Daily Document Check" to job store "default"
2026-10-08 00:35:11,482 - apscheduler.scheduler - INFO - Scheduler started
2026-10-08 00:35:11,484 - app.scheduler - INFO - Scheduler started successfully. Daily check scheduled for 9:00 AM.
2026-10-08 00:35:11,492 - httpx - INFO - HTTP Request: POST http://testserver/login "HTTP/1.1 200 OK"
2026-10-08 00:35:11,497 - apscheduler.scheduler - INFO - Scheduler has been shut down
2026-10-08 00:35:11,498 - app.scheduler - INFO - Scheduler shutdown successfully
2026-10-08 00:35:11,499 - slowapi - INFO - Storage has been reset and all limits cleared
2026-10-08 00:35:11,861 - slowapi - INFO - Storage has been reset and all limits cleared
2026-10-08 00:35:11,866 - apscheduler.scheduler - INFO - Adding job tentatively -- it will be properly scheduled when the scheduler starts
2026-10-08 00:35:11,866 - apscheduler.scheduler - INFO - Added job "Daily Document Check" to job store "default"
2026-10-08 00:35:11,867 - apscheduler.scheduler - INFO - Scheduler started
2026-10-08 00:35:11,867 - app.scheduler - INFO - Scheduler started successfully. Daily check scheduled for 9:00 AM.
2026-10-08 00:35:12,806 - httpx - INFO - HTTP Request: POST http://testserver/login "HTTP/1.1 200 OK"
2026-10-08 00:35:12,809 - apscheduler.scheduler - INFO - Scheduler has been shut down
2026-10-08 00:35:12,810 - app.scheduler - INFO - Scheduler shutdown successfully
2026-10-08 00:35:12,814 - slowapi - INFO - Storage has been reset and all limits cleared
2026-10-08 00:35:13,666 - slowapi - INFO - Storage has been reset and all limits cleared
2026-10-08 00:35:13,674 - apscheduler.scheduler - INFO - Adding job tentatively -- it will be properly scheduled when the scheduler starts
2026-10-08 00:35:13,674 - apscheduler.scheduler - INFO - Added job "Daily Document Check" to job store "default"
2026-10-08 00:35:13,674 - apscheduler.scheduler - INFO - Scheduler started
2026-10-08 00:35:13,674 - app.scheduler - INFO - Scheduler started successfully. Daily check scheduled for 9:00 AM.
2026-10-08 00:35:14,831 - app.main - INFO - Successful login for test@example.com
2026-10-08 00:35:14,832 - httpx - INFO - HTTP Request: POST http://testserver/login "HTTP/1.1 303 See Other"
2026-10-08 00:35:14,836 - app.main - INFO - User logged out
2026-10-08 00:35:14,837 - httpx - INFO - HTTP Request: GET http://testserver/logout "HTTP/1.1 307 Temporary Redirect"
2026-10-08 00:35:14,841 - httpx - INFO - HTTP Request: GET http://testserver/dashboard "HTTP/1.1 307 Temporary Redirect"
2026-10-08 00:35:14,845 - apscheduler.scheduler - INFO - Scheduler has been shut down
2026-10-08 00:35:14,846 - app.scheduler - INFO - Scheduler shutdown successfully
2026-10-08 00:35:14,849 - slowapi - INFO - Storage has been reset and all limits cleared
2026-10-08 00:35:15,057 - slowapi - INFO - Storage has been reset and all limits cleared
2026-10-08 00:35:15,063 - apscheduler.scheduler - INFO - Adding job tentatively -- it will be properly scheduled when the scheduler starts
2026-10-08 00:35:15,064 - apscheduler.scheduler - INFO - Added job "Daily Document Check" to job store "default"
2026-10-08 00:35:15,064 - apscheduler.scheduler - INFO - Scheduler started
2026-10-08 00:35:15,066 - app.scheduler - INFO - Scheduler started successfully. Daily check scheduled for 9:00 AM.
2026-10-08 00:35:15,071 - httpx - INFO - HTTP Request: GET http://testserver/dashboard "HTTP/1.1 307 Temporary Redirect"
2026-10-08 00:35:15,074 - apscheduler.scheduler - INFO - Scheduler has been shut down
2026-10-08 00:35:15,075 - app.scheduler - INFO - Scheduler shutdown successfully
2026-10-08 00:35:15,076 - slowapi - INFO - Storage has been reset and all limits cleared
2026-10-08 00:35:15,467 - slowapi - INFO - Storage has been reset and all limits cleared
2026-10-08 00:35:15,502 - apscheduler.scheduler - INFO - Adding job tentatively -- it will be properly scheduled when the scheduler starts
2026-10-08 00:35:15,503 - apscheduler.scheduler - INFO - Added job "Daily Document Check" to job store "default"
2026-10-08 00:35:15,504 - apscheduler.scheduler - INFO - Scheduler started
2026-10-08 00:35:15,505 - app.scheduler - INFO - Scheduler started successfully. Daily check scheduled for 9:00 AM.
2026-10-08 00:35:16,484 - app.main - INFO - Successful login for admin@example.com
2026-10-08 00:35:16,485 - httpx - INFO - HTTP Request: POST http://testserver/login "HTTP/1.1 303 See Other"
2026-10-08 00:35:16,555 - httpx - INFO - HTTP Request: GET http://testserver/admin/data-deletion "HTTP/1.1 200 OK"
2026-10-08 00:35:16,558 - apscheduler.scheduler - INFO - Scheduler has been shut down
2026-10-08 00:35:16,559 - app.scheduler - INFO - Scheduler shutdown successfully
2026-10-08 00:35:16,561 - slowapi - INFO - Storage has been reset and all limits cleared
2026-10-08 00:35:16,952 - slowapi - INFO - Storage has been reset and all limits cleared
2026-10-08 00:35:16,955 - apscheduler.scheduler - INFO - Adding job tentatively -- it will be properly scheduled when the scheduler starts
2026-10-08 00:35:16,956 - apscheduler.scheduler - INFO - Added job "Daily Document Check" to job store "default"
2026-10-08 00:35:16,956 - apscheduler.scheduler - INFO - Scheduler started
2026-10-08 00:35:16,957 - app.scheduler - INFO - Scheduler started successfully. Daily check scheduled for 9:00 AM.
2026-10-08 00:35:17,712 - app.main - INFO - Successful login for staff@example.com
2026-10-08 00:35:17,715 - httpx - INFO - HTTP Request: POST http://testserver/login "HTTP/1.1 303 See Other"
2026-10-08 00:35:17,726 - httpx - INFO - HTTP Request: GET http://testserver/admin/data-deletion "HTTP/1.1 200 OK"
2026-10-08 00:35:17,729 - apscheduler.scheduler - INFO - Scheduler has been shut down
2026-10-08 00:35:17,729 - app.scheduler - INFO - Scheduler shutdown successfully
2026-10-08 00:35:17,730 - slowapi - INFO - Storage has been reset and all limits cleared
2026-10-08 00:35:18,046 - slowapi - INFO - Storage has been reset and all limits cleared
2026-10-08 00:35:18,073 - apscheduler.scheduler - INFO - Adding job tentatively -- it will be properly scheduled when the scheduler starts
2026-10-08 00:35:18,077 - apscheduler.scheduler - INFO - Added job "Daily Document Check" to job store "default"
2026-10-08 00:35:18,077 - apscheduler.scheduler - INFO - Scheduler started
2026-10-08 00:35:18,081 - app.scheduler - INFO - Scheduler started successfully. Daily check scheduled for 9:00 AM.
2026-10-08 00:35:19,138 - app.main - INFO - Successful login for admin@example.com
2026-10-08 00:35:19,138 - httpx - INFO - HTTP Request: POST http://testserver/login "HTTP/1.1 303 See Other"
2026-10-08 00:35:19,167 - httpx - INFO - HTTP Request: POST http://testserver/admin/delete-customer "HTTP/1.1 200 OK"
2026-10-08 00:35:19,173 - apscheduler.scheduler - INFO - Scheduler has been shut down
2026-10-08 00:35:19,174 - app.scheduler - INFO - Scheduler shutdown successfully
2026-10-08 00:35:19,177 - slowapi - INFO - Storage has been reset and all limits cleared
2026-10-08 00:35:19,631 - slowapi - INFO - Storage has been reset and all limits cleared
2026-10-08 00:35:19,686 - apscheduler.scheduler - INFO - Adding job tentatively -- it will be properly scheduled when the scheduler starts
2026-10-08 00:35:19,687 - apscheduler.scheduler - INFO - Added job "Daily Document Check" to job store "default"
2026-10-08 00:35:19,687 - apscheduler.scheduler - INFO - Scheduler started
2026-10-08 00:35:19,690 - app.scheduler - INFO - Scheduler started successfully. Daily check scheduled for 9:00 AM.
2026-10-08 00:35:21,991 - app.main - INFO - Successful login for admin@example.com
2026-10-08 00:35:21,992 - httpx - INFO - HTTP Request: POST http://testserver/login "HTTP/1.1 303 See Other"
2026-10-08 00:35:25,194 - app.main - INFO - Deleted R2 file: test/key
2026-10-08 00:35:25,213 - app.main - WARNING - Customer Test Customer (ID: 1) and all associated data permanently deleted by admin@example.com
2026-10-08 00:35:25,218 - httpx - INFO - HTTP Request: POST http://testserver/admin/delete-customer "HTTP/1.1 200 OK"
2026-10-08 00:35:25,230 - apscheduler.scheduler - INFO - Scheduler has been shut down
2026-10-08 00:35:25,230 - app.scheduler - INFO - Scheduler shutdown successfully
2026-10-08 00:35:25,232 - slowapi - INFO - Storage has been reset and all limits cleared
2026-10-08 00:35:25,446 - slowapi - INFO - Storage has been reset and all limits cleared
2026-10-08 00:35:25,450 - apscheduler.scheduler - INFO - Adding job tentatively -- it will be properly scheduled when the scheduler starts
2026-10-08 00:35:25,451 - apscheduler.scheduler - INFO - Added job "Daily Document Check" to job store "default"
2026-10-08 00:35:25,451 - apscheduler.scheduler - INFO - Scheduler started
2026-10-08 00:35:25,451 - app.scheduler - INFO - Scheduler started successfully. Daily check scheduled for 9:00 AM.
2026-10-08 00:35:26,567 - app.main - INFO - Successful login for admin@example.com
2026-10-08 00:35:26,569 - httpx - INFO - HTTP Request: POST http://testserver/login "HTTP/1.1 303 See Other"
2026-10-08 00:35:26,997 - app.main - INFO - Deleted R2 file: test/key
2026-10-08 00:35:27,043 - app.main - WARNING - Customer Test Customer (ID: 1) and all associated data permanently deleted by admin@example.com
2026-10-08 00:35:27,045 - httpx - INFO - HTTP Request: POST http://testserver/admin/delete-customer "HTTP/1.1 200 OK"
2026-10-08 00:35:27,049 - apscheduler.scheduler - INFO - Scheduler has been shut down
2026-10-08 00:35:27,050 - app.scheduler - INFO - Scheduler shutdown successfully
2026-10-08 00:35:27,051 - slowapi - INFO - Storage has been reset and all limits cleared
2026-10-08 00:35:27,239 - slowapi - INFO - Storage has been reset and all limits cleared
2026-10-08 00:35:27,245 - apscheduler.scheduler - INFO - Adding job tentatively -- it will be properly scheduled when the scheduler starts
2026-10-08 00:35:27,245 - apscheduler.scheduler - INFO - Added job "Daily Document Check" to job store "default"
2026-10-08 00:35:27,246 - apscheduler.scheduler - INFO - Scheduler started
2026-10-08 00:35:27,248 - app.scheduler - INFO - Scheduler started successfully. Daily check scheduled for 9:00 AM.
2026-10-08 00:35:29,283 - app.main - INFO - Successful login for admin@example.com
2026-10-08 00:35:29,286 - httpx - INFO - HTTP Request: POST http://testserver/login "HTTP/1.1 303 See Other"
2026-10-08 00:35:29,399 - httpx - INFO - HTTP Request: POST http://testserver/admin/delete-customer "HTTP/1.1 200 OK"
2026-10-08 00:35:29,411 - apscheduler.scheduler - INFO - Scheduler has been shut down
2026-10-08 00:35:29,411 - app.scheduler - INFO - Scheduler shutdown successfully
2026-10-08 00:35:29,413 - slowapi - INFO - Storage has been reset and all limits cleared
2026-10-08 00:35:30,145 - slowapi - INFO - Storage has been reset and all limits cleared
2026-10-08 00:35:30,469 - apscheduler.scheduler - INFO - Adding job tentatively -- it will be properly scheduled when the scheduler starts
2026-10-08 00:35:30,470 - apscheduler.scheduler - INFO - Added job "Daily Document Check" to job store "default"
2026-10-08 00:35:30,470 - apscheduler.scheduler - INFO - Scheduler started
2026-10-08 00:35:30,562 - app.scheduler - INFO - Scheduler started successfully. Daily check scheduled for 9:00 AM.
2026-10-08 00:35:32,312 - app.main - INFO - Successful login for admin@example.com
2026-10-08 00:35:32,312 - httpx - INFO - HTTP Request: POST http://testserver/login "HTTP/1.1 303 See Other"
2026-10-08 00:35:32,325 - httpx - INFO - HTTP Request: POST http://testserver/admin/delete-customer "HTTP/1.1 200 OK"
2026-10-08 00:35:32,328 - apscheduler.scheduler - INFO - Scheduler has been shut down
2026-10-08 00:35:32,328 - app.scheduler - INFO - Scheduler shutdown successfully
2026-10-08 00:35:32,329 - slowapi - INFO - Storage has been reset and all limits cleared
2026-10-08 00:35:32,785 - slowapi - INFO - Storage has been reset and all limits cleared
2026-10-08 00:35:32,859 - apscheduler.scheduler - INFO - Adding job tentatively -- it will be properly scheduled when the scheduler starts
2026-10-08 00:35:32,860 - apscheduler.scheduler - INFO - Added job "Daily Document Check" to job store "default"
2026-10-08 00:35:32,860 - apscheduler.scheduler - INFO - Scheduler started
2026-10-08 00:35:32,864 - app.scheduler - INFO - Scheduler started successfully. Daily check scheduled for 9:00 AM.
2026-10-08 00:35:34,270 - app.main - INFO - Successful login for test@example.com
2026-10-08 00:35:34,271 - httpx - INFO - HTTP Request: POST http://testserver/login "HTTP/1.1 303 See Other"
2026-10-08 00:35:34,313 - httpx - INFO - HTTP Request: POST http://testserver/new-case "HTTP/1.1 303 See Other"
2026-10-08 00:35:34,327 - apscheduler.scheduler - INFO - Scheduler has been shut down
2026-10-08 00:35:34,328 - app.scheduler - INFO - Scheduler shutdown successfully
2026-10-08 00:35:34,329 - slowapi - INFO - Storage has been reset and all limits cleared
2026-10-08 00:35:35,799 - slowapi - INFO - Storage has been reset and all limits cleared
2026-10-08 00:35:35,807 - apscheduler.scheduler - INFO - Adding job tentatively -- it will be properly scheduled when the scheduler starts
2026-10-08 00:35:35,808 - apscheduler.scheduler - INFO - Added job "Daily Document Check" to job store "default"
2026-10-08 00:35:35,808 - apscheduler.scheduler - INFO - Scheduler started
2026-10-08 00:35:35,810 - app.scheduler - INFO - Scheduler started successfully. Daily check scheduled for 9:00 AM.
2026-10-08 00:35:36,701 - app.main - INFO - Successful login for test@example.com
2026-10-08 00:35:36,701 - httpx - INFO - HTTP Request: POST http://testserver/login "HTTP/1.1 303 See Other"
2026-10-08 00:35:36,740 - httpx - INFO - HTTP Request: POST http://testserver/new-case "HTTP/1.1 303 See Other"
2026-10-08 00:35:36,754 - apscheduler.scheduler - INFO - Scheduler has been shut down
2026-10-08 00:35:36,754 - app.scheduler - INFO - Scheduler shutdown successfully
2026-10-08 00:35:36,756 - slowapi - INFO - Storage has been reset and all limits cleared
2026-10-08 00:35:38,043 - slowapi - INFO - Storage has been reset and all limits cleared
2026-10-08 00:35:38,047 - apscheduler.scheduler - INFO - Adding job tentatively -- it will be properly scheduled when the scheduler starts
2026-10-08 00:35:38,047 - apscheduler.scheduler - INFO - Added job "Daily Document Check" to job store "default"
2026-10-08 00:35:38,047 - apscheduler.scheduler - INFO - Scheduler started
2026-10-08 00:35:38,049 - app.scheduler - INFO - Scheduler started successfully. Daily check scheduled for 9:00 AM.
2026-10-08 00:35:38,712 - app.main - INFO - Successful login for staff_a@example.com
2026-10-08 00:35:38,713 - httpx - INFO - HTTP Request: POST http://testserver/login "HTTP/1.1 303 See Other"
2026-10-08 00:35:38,801 - httpx - INFO - HTTP Request: GET http://testserver/new-case "HTTP/1.1 200 OK"
2026-10-08 00:35:38,804 - apscheduler.scheduler - INFO - Scheduler has been shut down
2026-10-08 00:35:38,804 - app.scheduler - INFO - Scheduler shutdown successfully
2026-10-08 00:35:38,805 - slowapi - INFO - Storage has been reset and all limits cleared
2026-10-08 00:35:38,970 - slowapi - INFO - Storage has been reset and all limits cleared
2026-10-08 00:35:38,973 - apscheduler.scheduler - INFO - Adding job tentatively -- it will be properly scheduled when the scheduler starts
2026-10-08 00:35:38,973 - apscheduler.scheduler - INFO - Added job "Daily Document Check" to job store "default"
2026-10-08 00:35:38,974 - apscheduler.scheduler - INFO - Scheduler started
2026-10-08 00:35:38,974 - app.scheduler - INFO - Scheduler started successfully. Daily check scheduled for 9:00 AM.
2026-10-08 00:35:39,433 - app.main - INFO - Successful login for staff_a@example.com
2026-10-08 00:35:39,433 - httpx - INFO - HTTP Request: POST http://testserver/login "HTTP/1.1 303 See Other"
2026-10-08 00:35:39,463 - httpx - INFO - HTTP Request: GET http://testserver/case/1 "HTTP/1.1 200 OK"
2026-10-08 00:35:39,464 - apscheduler.scheduler - INFO - Scheduler has been shut down
2026-10-08 00:35:39,464 - app.scheduler - INFO - Scheduler shutdown successfully
2026-10-08 00:35:39,465 - slowapi - INFO - Storage has been reset and all limits cleared
2026-10-08 00:35:39,664 - slowapi - INFO - Storage has been reset and all limits cleared
2026-10-08 00:35:39,668 - apscheduler.scheduler - INFO - Adding job tentatively -- it will be properly scheduled when the scheduler starts
2026-10-08 00:35:39,669 - apscheduler.scheduler - INFO - Added job "Daily Document Check" to job store "default"
2026-10-08 00:35:39,669 - apscheduler.scheduler - INFO - Scheduler started
2026-10-08 00:35:39,669 - app.scheduler - INFO - Scheduler started successfully. Daily check scheduled for 9:00 AM.
2026-10-08 00:35:40,110 - app.main - INFO - Successful login for staff_a@example.com
2026-10-08 00:35:40,111 - httpx - INFO - HTTP Request: POST http://testserver/login "HTTP/1.1 303 See Other"
2026-10-08 00:35:40,166 - httpx - INFO - HTTP Request: POST http://testserver/new-case "HTTP/1.1 200 OK"
2026-10-08 00:35:40,168 - apscheduler.scheduler - INFO - Scheduler has been shut down
2026-10-08 00:35:40,169 - app.scheduler - INFO - Scheduler shutdown successfully
2026-10-08 00:35:40,169 - slowapi - INFO - Storage has been reset and all limits cleared
2026-10-08 00:35:40,330 - slowapi - INFO - Storage has been reset and all limits cleared
2026-10-08 00:35:40,334 - apscheduler.scheduler - INFO - Adding job tentatively -- it will be properly scheduled when the scheduler starts
2026-10-08 00:35:40,334 - apscheduler.scheduler - INFO - Added job "Daily Document Check" to job store "default"
2026-10-08 00:35:40,334 - apscheduler.scheduler - INFO - Scheduler started
2026-10-08 00:35:40,343 - app.scheduler - INFO - Scheduler started successfully. Daily check scheduled for 9:00 AM.
2026-10-08 00:35:40,796 - app.main - INFO - Successful login for staff_a@example.com
2026-10-08 00:35:40,798 - httpx - INFO - HTTP Request: POST http://testserver/login "HTTP/1.1 303 See Other"
2026-10-08 00:35:40,988 - httpx - INFO - HTTP Request: POST http://testserver/case/1/upload "HTTP/1.1 200 OK"
2026-10-08 00:35:40,990 - apscheduler.scheduler - INFO - Scheduler has been shut down
2026-10-08 00:35:40,990 - app.scheduler - INFO - Scheduler shutdown successfully
2026-10-08 00:35:40,991 - slowapi - INFO - Storage has been reset and all limits cleared
2026-10-08 00:35:41,147 - slowapi - INFO - Storage has been reset and all limits cleared
2026-10-08 00:35:41,149 - apscheduler.scheduler - INFO - Adding job tentatively -- it will be properly scheduled when the scheduler starts
2026-10-08 00:35:41,150 - apscheduler.scheduler - INFO - Added job "Daily Document Check" to job store "default"
2026-10-08 00:35:41,150 - apscheduler.scheduler - INFO - Scheduler started
2026-10-08 00:35:41,150 - app.scheduler - INFO - Scheduler started successfully. Daily check scheduled for 9:00 AM.
2026-10-08 00:35:41,594 - app.main - INFO - Successful login for staff_a@example.com
2026-10-08 00:35:41,594 - httpx - INFO - HTTP Request: POST http://testserver/login "HTTP/1.1 303 See Other"
2026-10-08 00:35:41,630 - app.core.exceptions - WARNING - HTTP Exception: 404 - Document not found
2026-10-08 00:35:41,631 - httpx - INFO - HTTP Request: GET http://testserver/documents/1/download "HTTP/1.1 404 Not Found"
2026-10-08 00:35:41,633 - apscheduler.scheduler - INFO - Scheduler has been shut down
2026-10-08 00:35:41,633 - app.scheduler - INFO - Scheduler shutdown successfully
2026-10-08 00:35:41,634 - slowapi - INFO - Storage has been reset and all limits cleared
2026-10-08 00:35:42,082 - slowapi - INFO - Storage has been reset and all limits cleared
2026-10-08 00:35:42,134 - apscheduler.scheduler - INFO - Adding job tentatively -- it will be properly scheduled when the scheduler starts
2026-10-08 00:35:42,135 - apscheduler.scheduler - INFO - Added job "Daily Document Check" to job store "default"
2026-10-08 00:35:42,156 - apscheduler.scheduler - INFO - Scheduler started
2026-10-08 00:35:42,187 - app.scheduler - INFO - Scheduler started successfully. Daily check scheduled for 9:00 AM.
2026-10-08 00:35:44,284 - app.main - INFO - Successful login for staff_a@example.com
2026-10-08 00:35:44,285 - httpx - INFO - HTTP Request: POST http://testserver/login "HTTP/1.1 303 See Other"
2026-10-08 00:35:44,344 - httpx - INFO - HTTP Request: GET http://testserver/dashboard "HTTP/1.1 200 OK"
2026-10-08 00:35:44,348 - apscheduler.scheduler - INFO - Scheduler has been shut down
2026-10-08 00:35:44,349 - app.scheduler - INFO - Scheduler shutdown successfully
2026-10-08 00:35:44,351 - slowapi - INFO - Storage has been reset and all limits cleared
2026-10-08 00:35:44,833 - slowapi - INFO - Storage has been reset and all limits cleared
2026-10-08 00:35:44,837 - apscheduler.scheduler - INFO - Adding job tentatively -- it will be properly scheduled when the scheduler starts
2026-10-08 00:35:44,839 - apscheduler.scheduler - INFO - Added job "Daily Document Check" to job store "default"
2026-10-08 00:35:44,839 - apscheduler.scheduler - INFO - Scheduler started
2026-10-08 00:35:44,840 - app.scheduler - INFO - Scheduler started successfully. Daily check scheduled for 9:00 AM.
2026-10-08 00:35:46,392 - app.main - INFO - Successful login for staff_a@example.com
2026-10-08 00:35:46,396 - httpx - INFO - HTTP Request: POST http://testserver/login "HTTP/1.1 303 See Other"
2026-10-08 00:35:46,481 - httpx - INFO - HTTP Request: GET http://testserver/analytics/case-volume "HTTP/1.1 200 OK"
2026-10-08 00:35:46,484 - apscheduler.scheduler - INFO - Scheduler has been shut down
2026-10-08 00:35:46,484 - app.scheduler - INFO - Scheduler shutdown successfully
2026-10-08 00:35:46,487 - slowapi - INFO - Storage has been reset and all limits cleared
2026-10-08 00:35:47,097 - slowapi - INFO - Storage has been reset and all limits cleared
2026-10-08 00:35:47,110 - apscheduler.scheduler - INFO - Adding job tentatively -- it will be properly scheduled when the scheduler starts
2026-10-08 00:35:47,111 - apscheduler.scheduler - INFO - Added job "Daily Document Check" to job store "default"
2026-10-08 00:35:47,111 - apscheduler.scheduler - INFO - Scheduler started
2026-10-08 00:35:47,128 - app.scheduler - INFO - Scheduler started successfully. Daily check scheduled for 9:00 AM.
2026-10-08 00:35:48,965 - app.main - INFO - Successful login for staff_a@example.com
2026-10-08 00:35:48,965 - httpx - INFO - HTTP Request: POST http://testserver/login "HTTP/1.1 303 See Other"
2026-10-08 00:35:49,083 - httpx - INFO - HTTP Request: POST http://testserver/reminders/1/approve "HTTP/1.1 307 Temporary Redirect"
2026-10-08 00:35:49,091 - apscheduler.scheduler - INFO - Scheduler has been shut down
2026-10-08 00:35:49,093 - app.scheduler - INFO - Scheduler shutdown successfully
2026-10-08 00:35:49,103 - slowapi - INFO - Storage has been reset and all limits cleared
2026-10-08 00:35:49,653 - slowapi - INFO - Storage has been reset and all limits cleared
2026-10-08 00:35:49,675 - apscheduler.scheduler - INFO - Adding job tentatively -- it will be properly scheduled when the scheduler starts
2026-10-08 00:35:49,676 - apscheduler.scheduler - INFO - Added job "Daily Document Check" to job store "default"
2026-10-08 00:35:49,676 - apscheduler.scheduler - INFO - Scheduler started
2026-10-08 00:35:49,679 - app.scheduler - INFO - Scheduler started successfully. Daily check scheduled for 9:00 AM.
2026-10-08 00:35:49,691 - httpx - INFO - HTTP Request: GET http://testserver/forgot-password "HTTP/1.1 200 OK"
2026-10-08 00:35:49,694 - apscheduler.scheduler - INFO - Scheduler has been shut down
2026-10-08 00:35:49,695 - app.scheduler - INFO - Scheduler shutdown successfully
2026-10-08 00:35:49,697 - slowapi - INFO - Storage has been reset and all limits cleared
2026-10-08 00:35:50,009 - slowapi - INFO - Storage has been reset and all limits cleared
2026-10-08 00:35:50,016 - apscheduler.scheduler - INFO - Adding job tentatively -- it will be properly scheduled when the scheduler starts
2026-10-08 00:35:50,016 - apscheduler.scheduler - INFO - Added job "Daily Document Check" to job store "default"
2026-10-08 00:35:50,017 - apscheduler.scheduler - INFO - Scheduler started
2026-10-08 00:35:50,017 - app.scheduler - INFO - Scheduler started successfully. Daily check scheduled for 9:00 AM.
2026-10-08 00:35:52,535 - app.main - ERROR - Failed to send password reset email: API key is invalid
2026-10-08 00:35:52,538 - httpx - INFO - HTTP Request: POST http://testserver/forgot-password "HTTP/1.1 200 OK"
2026-10-08 00:35:52,542 - apscheduler.scheduler - INFO - Scheduler has been shut down
2026-10-08 00:35:52,543 - app.scheduler - INFO - Scheduler shutdown successfully
2026-10-08 00:35:52,543 - slowapi - INFO - Storage has been reset and all limits cleared
2026-10-08 00:35:53,055 - slowapi - INFO - Storage has been reset and all limits cleared
2026-10-08 00:35:53,076 - apscheduler.scheduler - INFO - Adding job tentatively -- it will be properly scheduled when the scheduler starts
2026-10-08 00:35:53,078 - apscheduler.scheduler - INFO - Added job "Daily Document Check" to job store "default"
2026-10-08 00:35:53,080 - apscheduler.scheduler - INFO - Scheduler started
2026-10-08 00:35:53,082 - app.scheduler - INFO - Scheduler started successfully. Daily check scheduled for 9:00 AM.
2026-10-08 00:35:53,097 - httpx - INFO - HTTP Request: POST http://testserver/forgot-password "HTTP/1.1 200 OK"
2026-10-08 00:35:53,103 - apscheduler.scheduler - INFO - Scheduler has been shut down
2026-10-08 00:35:53,104 - app.scheduler - INFO - Scheduler shutdown successfully
2026-10-08 00:35:53,114 - slowapi - INFO - Storage has been reset and all limits cleared
2026-10-08 00:35:53,794 - slowapi - INFO - Storage has been reset and all limits cleared
2026-10-08 00:35:53,937 - apscheduler.scheduler - INFO - Adding job tentatively -- it will be properly scheduled when the scheduler starts
2026-10-08 00:35:53,937 - apscheduler.scheduler - INFO - Added job "Daily Document Check" to job store "default"
2026-10-08 00:35:53,939 - apscheduler.scheduler - INFO - Scheduler started
2026-10-08 00:35:53,944 - app.scheduler - INFO - Scheduler started successfully. Daily check scheduled for 9:00 AM.
2026-10-08 00:35:55,623 - app.main - INFO - Password reset successful for test@example.com
2026-10-08 00:35:55,626 - httpx - INFO - HTTP Request: POST http://testserver/reset-password "HTTP/1.1 200 OK"
2026-10-08 00:35:55,974 - apscheduler.scheduler - INFO - Scheduler has been shut down
2026-10-08 00:35:55,975 - app.scheduler - INFO - Scheduler shutdown successfully
2026-10-08 00:35:55,976 - slowapi - INFO - Storage has been reset and all limits cleared
2026-10-08 00:35:56,697 - slowapi - INFO - Storage has been reset and all limits cleared
2026-10-08 00:35:56,700 - apscheduler.scheduler - INFO - Adding job tentatively -- it will be properly scheduled when the scheduler starts
2026-10-08 00:35:56,700 - apscheduler.scheduler - INFO - Added job "Daily Document Check" to job store "default"
2026-10-08 00:35:56,701 - apscheduler.scheduler - INFO - Scheduler started
2026-10-08 00:35:56,703 - app.scheduler - INFO - Scheduler started successfully. Daily check scheduled for 9:00 AM.
2026-10-08 00:35:57,205 - httpx - INFO - HTTP Request: POST http://testserver/reset-password "HTTP/1.1 200 OK"
2026-10-08 00:35:57,209 - apscheduler.scheduler - INFO - Scheduler has been shut down
2026-10-08 00:35:57,209 - app.scheduler - INFO - Scheduler shutdown successfully
2026-10-08 00:35:57,211 - slowapi - INFO - Storage has been reset and all limits cleared
2026-10-08 00:35:57,778 - slowapi - INFO - Storage has been reset and all limits cleared
2026-10-08 00:35:57,829 - apscheduler.scheduler - INFO - Adding job tentatively -- it will be properly scheduled when the scheduler starts
2026-10-08 00:35:57,829 - apscheduler.scheduler - INFO - Added job "Daily Document Check" to job store "default"
2026-10-08 00:35:57,830 - apscheduler.scheduler - INFO - Scheduler started
2026-10-08 00:35:57,837 - app.scheduler - INFO - Scheduler started successfully. Daily check scheduled for 9:00 AM.
2026-10-08 00:35:59,018 - httpx - INFO - HTTP Request: POST http://testserver/reset-password "HTTP/1.1 200 OK"
2026-10-08 00:35:59,024 - apscheduler.scheduler - INFO - Scheduler has been shut down
2026-10-08 00:35:59,025 - app.scheduler - INFO - Scheduler shutdown successfully
2026-10-08 00:35:59,028 - slowapi - INFO - Storage has been reset and all limits cleared
2026-10-08 00:35:59,642 - slowapi - INFO - Storage has been reset and all limits cleared
2026-10-08 00:35:59,659 - apscheduler.scheduler - INFO - Adding job tentatively -- it will be properly scheduled when the scheduler starts
2026-10-08 00:35:59,660 - apscheduler.scheduler - INFO - Added job "Daily Document Check" to job store "default"
2026-10-08 00:35:59,660 - apscheduler.scheduler - INFO - Scheduler started
2026-10-08 00:35:59,666 - app.scheduler - INFO - Scheduler started successfully. Daily check scheduled for 9:00 AM.
2026-10-08 00:36:00,759 - app.main - INFO - Password reset successful for test@example.com
2026-10-08 00:36:00,762 - httpx - INFO - HTTP Request: POST http://testserver/reset-password "HTTP/1.1 200 OK"
2026-10-08 00:36:01,137 - app.main - INFO - Successful login for test@example.com
2026-10-08 00:36:01,138 - httpx - INFO - HTTP Request: POST http://testserver/login "HTTP/1.1 303 See Other"
2026-10-08 00:36:01,141 - apscheduler.scheduler - INFO - Scheduler has been shut down
2026-10-08 00:36:01,142 - app.scheduler - INFO - Scheduler shutdown successfully
2026-10-08 00:36:01,144 - slowapi - INFO - Storage has been reset and all limits cleared
2026-10-08 00:36:01,709 - slowapi - INFO - Storage has been reset and all limits cleared
2026-10-08 00:36:01,873 - apscheduler.scheduler - INFO - Adding job tentatively -- it will be properly scheduled when the scheduler starts
2026-10-08 00:36:01,873 - apscheduler.scheduler - INFO - Added job "Daily Document Check" to job store "default"
2026-10-08 00:36:01,880 - apscheduler.scheduler - INFO - Scheduler started
2026-10-08 00:36:01,889 - app.scheduler - INFO - Scheduler started successfully. Daily check scheduled for 9:00 AM.
2026-10-08 00:36:01,986 - httpx - INFO - HTTP Request: GET http://testserver/status "HTTP/1.1 200 OK"
2026-10-08 00:36:02,009 - httpx - INFO - HTTP Request: GET http://testserver/status "HTTP/1.1 200 OK"
2026-10-08 00:36:02,013 - httpx - INFO - HTTP Request: GET http://testserver/status "HTTP/1.1 200 OK"
2026-10-08 00:36:02,024 - httpx - INFO - HTTP Request: GET http://testserver/status "HTTP/1.1 200 OK"
2026-10-08 00:36:02,035 - httpx - INFO - HTTP Request: GET http://testserver/status "HTTP/1.1 200 OK"
2026-10-08 00:36:02,038 - httpx - INFO - HTTP Request: GET http://testserver/status "HTTP/1.1 200 OK"
2026-10-08 00:36:02,050 - httpx - INFO - HTTP Request: GET http://testserver/status "HTTP/1.1 200 OK"
2026-10-08 00:36:02,054 - httpx - INFO - HTTP Request: GET http://testserver/status "HTTP/1.1 200 OK"
2026-10-08 00:36:02,060 - httpx - INFO - HTTP Request: GET http://testserver/status "HTTP/1.1 200 OK"
2026-10-08 00:36:02,083 - httpx - INFO - HTTP Request: GET http://testserver/status "HTTP/1.1 200 OK"
2026-10-08 00:36:02,087 - slowapi - WARNING - ratelimit 10 per 1 minute (testclient) exceeded at endpoint: /status
2026-10-08 00:36:02,122 - httpx - INFO - HTTP Request: GET http://testserver/status "HTTP/1.1 429 Too Many Requests"
2026-10-08 00:36:02,132 - apscheduler.scheduler - INFO - Scheduler has been shut down
2026-10-08 00:36:02,133 - app.scheduler - INFO - Scheduler shutdown successfully
2026-10-08 00:36:02,136 - slowapi - INFO - Storage has been reset and all limits cleared
2026-10-08 00:36:02,807 - slowapi - INFO - Storage has been reset and all limits cleared
2026-10-08 00:36:03,004 - apscheduler.scheduler - INFO - Adding job tentatively -- it will be properly scheduled when the scheduler starts
2026-10-08 00:36:03,005 - apscheduler.scheduler - INFO - Added job "Daily Document Check" to job store "default"
2026-10-08 00:36:03,005 - apscheduler.scheduler - INFO - Scheduler started
2026-10-08 00:36:03,010 - app.scheduler - INFO - Scheduler started successfully. Daily check scheduled for 9:00 AM.
2026-10-08 00:36:03,249 - httpx - INFO - HTTP Request: POST http://testserver/status "HTTP/1.1 200 OK"
2026-10-08 00:36:03,287 - httpx - INFO - HTTP Request: POST http://testserver/status "HTTP/1.1 200 OK"
2026-10-08 00:36:03,304 - httpx - INFO - HTTP Request: POST http://testserver/status "HTTP/1.1 200 OK"
2026-10-08 00:36:03,335 - httpx - INFO - HTTP Request: POST http://testserver/status "HTTP/1.1 200 OK"
2026-10-08 00:36:03,431 - httpx - INFO - HTTP Request: POST http://testserver/status "HTTP/1.1 200 OK"
2026-10-08 00:36:03,459 - slowapi - WARNING - ratelimit 5 per 1 minute (testclient) exceeded at endpoint: /status
2026-10-08 00:36:03,468 - httpx - INFO - HTTP Request: POST http://testserver/status "HTTP/1.1 429 Too Many Requests"
2026-10-08 00:36:03,472 - apscheduler.scheduler - INFO - Scheduler has been shut down
2026-10-08 00:36:03,474 - app.scheduler - INFO - Scheduler shutdown successfully
2026-10-08 00:36:03,480 - slowapi - INFO - Storage has been reset and all limits cleared
2026-10-08 00:36:03,918 - slowapi - INFO - Storage has been reset and all limits cleared
2026-10-08 00:36:03,923 - apscheduler.scheduler - INFO - Adding job tentatively -- it will be properly scheduled when the scheduler starts
2026-10-08 00:36:03,924 - apscheduler.scheduler - INFO - Added job "Daily Document Check" to job store "default"
2026-10-08 00:36:03,925 - apscheduler.scheduler - INFO - Scheduler started
2026-10-08 00:36:03,926 - app.scheduler - INFO - Scheduler started successfully. Daily check scheduled for 9:00 AM.
2026-10-08 00:36:05,660 - app.main - INFO - Successful login for test@example.com
2026-10-08 00:36:05,661 - httpx - INFO - HTTP Request: POST http://testserver/login "HTTP/1.1 303 See Other"
2026-10-08 00:36:05,665 - httpx - INFO - HTTP Request: GET http://testserver/status "HTTP/1.1 200 OK"
2026-10-08 00:36:05,667 - apscheduler.scheduler - INFO - Scheduler has been shut down
2026-10-08 00:36:05,667 - app.scheduler - INFO - Scheduler shutdown successfully
2026-10-08 00:36:05,669 - slowapi - INFO - Storage has been reset and all limits cleared
2026-10-08 00:46:48,427 - apscheduler.scheduler - INFO - Adding job tentatively -- it will be properly scheduled when the scheduler starts
2026-10-08 00:46:48,434 - apscheduler.scheduler - INFO - Added job "Daily Document Check" to job store "default"
2026-10-08 00:46:48,437 - apscheduler.scheduler - INFO - Scheduler started
2026-10-08 00:46:48,439 - app.scheduler - INFO - Scheduler started successfully. Daily check scheduled for 9:00 AM.
2026-10-08 00:46:50,586 - slowapi - INFO - Storage has been reset and all limits cleared
2026-10-08 00:46:50,820 - apscheduler.scheduler - INFO - Adding job tentatively -- it will be properly scheduled when the scheduler starts
2026-10-08 00:46:50,821 - apscheduler.scheduler - INFO - Added job "Daily Document Check" to job store "default"
2026-10-08 00:46:50,822 - apscheduler.scheduler - INFO - Scheduler started
2026-10-08 00:46:50,943 - app.scheduler - INFO - Scheduler started successfully. Daily check scheduled for 9:00 AM.
2026-10-08 00:46:58,513 - httpx - INFO - HTTP Request: POST http://testserver/login "HTTP/1.1 200 OK"
2026-10-08 00:46:59,840 - httpx - INFO - HTTP Request: POST http://testserver/login "HTTP/1.1 200 OK"
2026-10-08 00:47:01,669 - httpx - INFO - HTTP Request: POST http://testserver/login "HTTP/1.1 200 OK"
2026-10-08 00:47:03,727 - httpx - INFO - HTTP Request: POST http://testserver/login "HTTP/1.1 200 OK"
2026-10-08 00:47:06,012 - app.main - WARNING - Account locked for test@example.com after 5 failed login attempts
2026-10-08 00:47:06,070 - httpx - INFO - HTTP Request: POST http://testserver/login "HTTP/1.1 200 OK"
2026-10-08 00:47:06,080 - httpx - INFO - HTTP Request: POST http://testserver/login "HTTP/1.1 200 OK"
2026-10-08 00:47:06,087 - apscheduler.scheduler - INFO - Scheduler has been shut down
2026-10-08 00:47:06,092 - app.scheduler - INFO - Scheduler shutdown successfully
2026-10-08 00:47:06,108 - slowapi - INFO - Storage has been reset and all limits cleared
2026-10-08 00:47:07,471 - slowapi - INFO - Storage has been reset and all limits cleared
2026-10-08 00:47:07,597 - apscheduler.scheduler - INFO - Adding job tentatively -- it will be properly scheduled when the scheduler starts
2026-10-08 00:47:07,604 - apscheduler.scheduler - INFO - Added job "Daily Document Check" to job store "default"
2026-10-08 00:47:07,604 - apscheduler.scheduler - INFO - Scheduler started
2026-10-08 00:47:07,611 - app.scheduler - INFO - Scheduler started successfully. Daily check scheduled for 9:00 AM.
2026-10-08 00:47:09,697 - httpx - INFO - HTTP Request: POST http://testserver/login "HTTP/1.1 200 OK"
2026-10-08 00:47:10,719 - httpx - INFO - HTTP Request: POST http://testserver/login "HTTP/1.1 200 OK"
2026-10-08 00:47:12,289 - httpx - INFO - HTTP Request: POST http://testserver/login "HTTP/1.1 200 OK"
2026-10-08 00:47:13,737 - app.main - INFO - Successful login for test@example.com
2026-10-08 00:47:13,741 - httpx - INFO - HTTP Request: POST http://testserver/login "HTTP/1.1 303 See Other"
2026-10-08 00:47:13,749 - apscheduler.scheduler - INFO - Scheduler has been shut down
2026-10-08 00:47:13,750 - app.scheduler - INFO - Scheduler shutdown successfully
2026-10-08 00:47:13,751 - slowapi - INFO - Storage has been reset and all limits cleared
2026-10-08 00:47:15,409 - slowapi - INFO - Storage has been reset and all limits cleared
2026-10-08 00:47:15,514 - apscheduler.scheduler - INFO - Adding job tentatively -- it will be properly scheduled when the scheduler starts
2026-10-08 00:47:15,515 - apscheduler.scheduler - INFO - Added job "Daily Document Check" to job store "default"
2026-10-08 00:47:15,538 - apscheduler.scheduler - INFO - Scheduler started
2026-10-08 00:47:15,601 - app.scheduler - INFO - Scheduler started successfully. Daily check scheduled for 9:00 AM.
2026-10-08 00:47:17,097 - httpx - INFO - HTTP Request: POST http://testserver/login "HTTP/1.1 200 OK"
2026-10-08 00:47:17,141 - apscheduler.scheduler - INFO - Scheduler has been shut down
2026-10-08 00:47:17,142 - app.scheduler - INFO - Scheduler shutdown successfully
2026-10-08 00:47:17,146 - slowapi - INFO - Storage has been reset and all limits cleared
2026-10-08 00:47:18,409 - slowapi - INFO - Storage has been reset and all limits cleared
2026-10-08 00:47:18,680 - apscheduler.scheduler - INFO - Adding job tentatively -- it will be properly scheduled when the scheduler starts
2026-10-08 00:47:18,681 - apscheduler.scheduler - INFO - Added job "Daily Document Check" to job store "default"
2026-10-08 00:47:18,681 - apscheduler.scheduler - INFO - Scheduler started
2026-10-08 00:47:18,841 - app.scheduler - INFO - Scheduler started successfully. Daily check scheduled for 9:00 AM.
2026-10-08 00:47:22,706 - app.main - INFO - Successful login for test@example.com
2026-10-08 00:47:22,709 - httpx - INFO - HTTP Request: POST http://testserver/login "HTTP/1.1 303 See Other"
2026-10-08 00:47:22,715 - apscheduler.scheduler - INFO - Scheduler has been shut down
2026-10-08 00:47:22,716 - app.scheduler - INFO - Scheduler shutdown successfully
2026-10-08 00:47:22,718 - slowapi - INFO - Storage has been reset and all limits cleared
2026-10-08 00:47:23,413 - slowapi - INFO - Storage has been reset and all limits cleared
2026-10-08 00:47:23,523 - apscheduler.scheduler - INFO - Adding job tentatively -- it will be properly scheduled when the scheduler starts
2026-10-08 00:47:23,523 - apscheduler.scheduler - INFO - Added job "Daily Document Check" to job store "default"
2026-10-08 00:47:23,524 - apscheduler.scheduler - INFO - Scheduler started
2026-10-08 00:47:23,526 - app.scheduler - INFO - Scheduler started successfully. Daily check scheduled for 9:00 AM.
2026-10-08 00:47:26,487 - app.main - INFO - Successful login for admin@example.com
2026-10-08 00:47:26,494 - httpx - INFO - HTTP Request: POST http://testserver/login "HTTP/1.1 303 See Other"
2026-10-08 00:47:26,759 - httpx - INFO - HTTP Request: GET http://testserver/admin/audit-log "HTTP/1.1 200 OK"
2026-10-08 00:47:26,769 - apscheduler.scheduler - INFO - Scheduler has been shut down
2026-10-08 00:47:26,771 - app.scheduler - INFO - Scheduler shutdown successfully
2026-10-08 00:47:26,774 - slowapi - INFO - Storage has been reset and all limits cleared
2026-10-08 00:47:28,070 - slowapi - INFO - Storage has been reset and all limits cleared
2026-10-08 00:47:28,083 - apscheduler.scheduler - INFO - Adding job tentatively -- it will be properly scheduled when the scheduler starts
2026-10-08 00:47:28,084 - apscheduler.scheduler - INFO - Added job "Daily Document Check" to job store "default"
2026-10-08 00:47:28,085 - apscheduler.scheduler - INFO - Scheduler started
2026-10-08 00:47:28,091 - app.scheduler - INFO - Scheduler started successfully. Daily check scheduled for 9:00 AM.
2026-10-08 00:47:29,230 - app.main - INFO - Successful login for staff@example.com
2026-10-08 00:47:29,232 - httpx - INFO - HTTP Request: POST http://testserver/login "HTTP/1.1 303 See Other"
2026-10-08 00:47:29,325 - httpx - INFO - HTTP Request: GET http://testserver/admin/audit-log "HTTP/1.1 200 OK"
2026-10-08 00:47:29,332 - apscheduler.scheduler - INFO - Scheduler has been shut down
2026-10-08 00:47:29,333 - app.scheduler - INFO - Scheduler shutdown successfully
2026-10-08 00:47:29,336 - slowapi - INFO - Storage has been reset and all limits cleared
2026-10-08 00:47:29,820 - slowapi - INFO - Storage has been reset and all limits cleared
2026-10-08 00:47:29,843 - apscheduler.scheduler - INFO - Adding job tentatively -- it will be properly scheduled when the scheduler starts
2026-10-08 00:47:29,844 - apscheduler.scheduler - INFO - Added job "Daily Document Check" to job store "default"
2026-10-08 00:47:29,844 - apscheduler.scheduler - INFO - Scheduler started
2026-10-08 00:47:29,847 - app.scheduler - INFO - Scheduler started successfully. Daily check scheduled for 9:00 AM.
2026-10-08 00:47:36,019 - app.main - INFO - Successful login for admin@example.com
2026-10-08 00:47:36,025 - httpx - INFO - HTTP Request: POST http://testserver/login "HTTP/1.1 303 See Other"
2026-10-08 00:47:36,203 - httpx - INFO - HTTP Request: GET http://testserver/admin/audit-log "HTTP/1.1 200 OK"
2026-10-08 00:47:36,310 - apscheduler.scheduler - INFO - Scheduler has been shut down
2026-10-08 00:47:36,312 - app.scheduler - INFO - Scheduler shutdown successfully
2026-10-08 00:47:36,313 - slowapi - INFO - Storage has been reset and all limits cleared
2026-10-08 00:47:37,576 - slowapi - INFO - Storage has been reset and all limits cleared
2026-10-08 00:47:37,837 - apscheduler.scheduler - INFO - Adding job tentatively -- it will be properly scheduled when the scheduler starts
2026-10-08 00:47:37,837 - apscheduler.scheduler - INFO - Added job "Daily Document Check" to job store "default"
2026-10-08 00:47:37,838 - apscheduler.scheduler - INFO - Scheduler started
2026-10-08 00:47:37,967 - app.scheduler - INFO - Scheduler started successfully. Daily check scheduled for 9:00 AM.
2026-10-08 00:47:40,739 - app.main - INFO - Successful login for admin@example.com
2026-10-08 00:47:40,740 - httpx - INFO - HTTP Request: POST http://testserver/login "HTTP/1.1 303 See Other"
2026-10-08 00:47:40,772 - httpx - INFO - HTTP Request: GET http://testserver/admin/audit-log?case_id=1 "HTTP/1.1 200 OK"
2026-10-08 00:47:40,776 - apscheduler.scheduler - INFO - Scheduler has been shut down
2026-10-08 00:47:40,778 - app.scheduler - INFO - Scheduler shutdown successfully
2026-10-08 00:47:40,780 - slowapi - INFO - Storage has been reset and all limits cleared
2026-10-08 00:47:41,396 - slowapi - INFO - Storage has been reset and all limits cleared
2026-10-08 00:47:41,506 - apscheduler.scheduler - INFO - Adding job tentatively -- it will be properly scheduled when the scheduler starts
2026-10-08 00:47:41,506 - apscheduler.scheduler - INFO - Added job "Daily Document Check" to job store "default"
2026-10-08 00:47:41,511 - apscheduler.scheduler - INFO - Scheduler started
2026-10-08 00:47:41,527 - app.scheduler - INFO - Scheduler started successfully. Daily check scheduled for 9:00 AM.
2026-10-08 00:47:45,806 - app.main - INFO - Successful login for admin@example.com
2026-10-08 00:47:45,808 - httpx - INFO - HTTP Request: POST http://testserver/login "HTTP/1.1 303 See Other"
2026-10-08 00:47:45,844 - httpx - INFO - HTTP Request: GET http://testserver/admin/audit-log?start_date=2026-10-08&end_date=2026-10-08 "HTTP/1.1 200 OK"
2026-10-08 00:47:45,847 - apscheduler.scheduler - INFO - Scheduler has been shut down
2026-10-08 00:47:45,847 - app.scheduler - INFO - Scheduler shutdown successfully
2026-10-08 00:47:45,849 - slowapi - INFO - Storage has been reset and all limits cleared
2026-10-08 00:47:46,986 - slowapi - INFO - Storage has been reset and all limits cleared
2026-10-08 00:47:47,134 - apscheduler.scheduler - INFO - Adding job tentatively -- it will be properly scheduled when the scheduler starts
2026-10-08 00:47:47,137 - apscheduler.scheduler - INFO - Added job "Daily Document Check" to job store "default"
2026-10-08 00:47:47,138 - apscheduler.scheduler - INFO - Scheduler started
2026-10-08 00:47:47,144 - app.scheduler - INFO - Scheduler started successfully. Daily check scheduled for 9:00 AM.
2026-10-08 00:47:49,837 - app.main - INFO - Successful login for admin@example.com
2026-10-08 00:47:49,838 - httpx - INFO - HTTP Request: POST http://testserver/login "HTTP/1.1 303 See Other"
2026-10-08 00:47:49,869 - httpx - INFO - HTTP Request: GET http://testserver/admin/audit-log "HTTP/1.1 200 OK"
2026-10-08 00:47:49,874 - apscheduler.scheduler - INFO - Scheduler has been shut down
2026-10-08 00:47:49,875 - app.scheduler - INFO - Scheduler shutdown successfully
2026-10-08 00:47:49,878 - slowapi - INFO - Storage has been reset and all limits cleared
2026-10-08 00:47:52,085 - slowapi - INFO - Storage has been reset and all limits cleared
2026-10-08 00:47:52,103 - apscheduler.scheduler - INFO - Adding job tentatively -- it will be properly scheduled when the scheduler starts
2026-10-08 00:47:52,103 - apscheduler.scheduler - INFO - Added job "Daily Document Check" to job store "default"
2026-10-08 00:47:52,103 - apscheduler.scheduler - INFO - Scheduler started
2026-10-08 00:47:52,106 - app.scheduler - INFO - Scheduler started successfully. Daily check scheduled for 9:00 AM.
2026-10-08 00:47:55,260 - app.main - INFO - Successful login for admin@example.com
2026-10-08 00:47:55,264 - httpx - INFO - HTTP Request: POST http://testserver/login "HTTP/1.1 303 See Other"
2026-10-08 00:47:55,380 - httpx - INFO - HTTP Request: GET http://testserver/admin/audit-log "HTTP/1.1 200 OK"
2026-10-08 00:47:55,391 - apscheduler.scheduler - INFO - Scheduler has been shut down
2026-10-08 00:47:55,391 - app.scheduler - INFO - Scheduler shutdown successfully
2026-10-08 00:47:55,394 - slowapi - INFO - Storage has been reset and all limits cleared
2026-10-08 00:47:56,673 - slowapi - INFO - Storage has been reset and all limits cleared
2026-10-08 00:47:57,097 - apscheduler.scheduler - INFO - Adding job tentatively -- it will be properly scheduled when the scheduler starts
2026-10-08 00:47:57,097 - apscheduler.scheduler - INFO - Added job "Daily Document Check" to job store "default"
2026-10-08 00:47:57,097 - apscheduler.scheduler - INFO - Scheduler started
2026-10-08 00:47:57,117 - app.scheduler - INFO - Scheduler started successfully. Daily check scheduled for 9:00 AM.
2026-10-08 00:48:00,460 - app.main - INFO - Successful login for admin@example.com
2026-10-08 00:48:00,463 - httpx - INFO - HTTP Request: POST http://testserver/login "HTTP/1.1 303 See Other"
2026-10-08 00:48:00,490 - httpx - INFO - HTTP Request: GET http://testserver/admin/audit-log "HTTP/1.1 200 OK"
2026-10-08 00:48:00,495 - apscheduler.scheduler - INFO - Scheduler has been shut down
2026-10-08 00:48:00,495 - app.scheduler - INFO - Scheduler shutdown successfully
2026-10-08 00:48:00,499 - slowapi - INFO - Storage has been reset and all limits cleared
2026-10-08 00:48:01,616 - slowapi - INFO - Storage has been reset and all limits cleared
2026-10-08 00:48:01,686 - apscheduler.scheduler - INFO - Adding job tentatively -- it will be properly scheduled when the scheduler starts
2026-10-08 00:48:01,687 - apscheduler.scheduler - INFO - Added job "Daily Document Check" to job store "default"
2026-10-08 00:48:01,687 - apscheduler.scheduler - INFO - Scheduler started
2026-10-08 00:48:01,803 - app.scheduler - INFO - Scheduler started successfully. Daily check scheduled for 9:00 AM.
2026-10-08 00:48:05,894 - app.main - INFO - Successful login for test@example.com
2026-10-08 00:48:05,896 - httpx - INFO - HTTP Request: POST http://testserver/login "HTTP/1.1 303 See Other"
2026-10-08 00:48:05,903 - httpx - INFO - HTTP Request: GET http://testserver/dashboard "HTTP/1.1 200 OK"
2026-10-08 00:48:05,909 - apscheduler.scheduler - INFO - Scheduler has been shut down
2026-10-08 00:48:05,910 - app.scheduler - INFO - Scheduler shutdown successfully
2026-10-08 00:48:05,914 - slowapi - INFO - Storage has been reset and all limits cleared
2026-10-08 00:48:06,957 - slowapi - INFO - Storage has been reset and all limits cleared
2026-10-08 00:48:07,137 - apscheduler.scheduler - INFO - Adding job tentatively -- it will be properly scheduled when the scheduler starts
2026-10-08 00:48:07,258 - apscheduler.scheduler - INFO - Added job "Daily Document Check" to job store "default"
2026-10-08 00:48:07,258 - apscheduler.scheduler - INFO - Scheduler started
2026-10-08 00:48:07,406 - app.scheduler - INFO - Scheduler started successfully. Daily check scheduled for 9:00 AM.
2026-10-08 00:48:11,131 - httpx - INFO - HTTP Request: POST http://testserver/login "HTTP/1.1 200 OK"
2026-10-08 00:48:11,144 - apscheduler.scheduler - INFO - Scheduler has been shut down
2026-10-08 00:48:11,145 - app.scheduler - INFO - Scheduler shutdown successfully
2026-10-08 00:48:11,151 - slowapi - INFO - Storage has been reset and all limits cleared
2026-10-08 00:48:12,590 - slowapi - INFO - Storage has been reset and all limits cleared
2026-10-08 00:48:12,604 - apscheduler.scheduler - INFO - Adding job tentatively -- it will be properly scheduled when the scheduler starts
2026-10-08 00:48:12,606 - apscheduler.scheduler - INFO - Added job "Daily Document Check" to job store "default"
2026-10-08 00:48:12,606 - apscheduler.scheduler - INFO - Scheduler started
2026-10-08 00:48:12,610 - app.scheduler - INFO - Scheduler started successfully. Daily check scheduled for 9:00 AM.
2026-10-08 00:48:12,629 - httpx - INFO - HTTP Request: POST http://testserver/login "HTTP/1.1 200 OK"
2026-10-08 00:48:12,795 - apscheduler.scheduler - INFO - Scheduler has been shut down
2026-10-08 00:48:12,796 - app.scheduler - INFO - Scheduler shutdown successfully
2026-10-08 00:48:12,798 - slowapi - INFO - Storage has been reset and all limits cleared
2026-10-08 00:48:13,559 - slowapi - INFO - Storage has been reset and all limits cleared
2026-10-08 00:48:13,648 - apscheduler.scheduler - INFO - Adding job tentatively -- it will be properly scheduled when the scheduler starts
2026-10-08 00:48:13,650 - apscheduler.scheduler - INFO - Added job "Daily Document Check" to job store "default"
2026-10-08 00:48:13,650 - apscheduler.scheduler - INFO - Scheduler started
2026-10-08 00:48:13,652 - app.scheduler - INFO - Scheduler started successfully. Daily check scheduled for 9:00 AM.
2026-10-08 00:48:16,925 - httpx - INFO - HTTP Request: POST http://testserver/login "HTTP/1.1 200 OK"
2026-10-08 00:48:16,975 - apscheduler.scheduler - INFO - Scheduler has been shut down
2026-10-08 00:48:16,975 - app.scheduler - INFO - Scheduler shutdown successfully
2026-10-08 00:48:16,980 - slowapi - INFO - Storage has been reset and all limits cleared
2026-10-08 00:48:18,707 - slowapi - INFO - Storage has been reset and all limits cleared
2026-10-08 00:48:18,942 - apscheduler.scheduler - INFO - Adding job tentatively -- it will be properly scheduled when the scheduler starts
2026-10-08 00:48:18,943 - apscheduler.scheduler - INFO - Added job "Daily Document Check" to job store "default"
2026-10-08 00:48:18,943 - apscheduler.scheduler - INFO - Scheduler started
2026-10-08 00:48:19,071 - app.scheduler - INFO - Scheduler started successfully. Daily check scheduled for 9:00 AM.
2026-10-08 00:48:25,768 - app.main - INFO - Successful login for test@example.com
2026-10-08 00:48:25,769 - httpx - INFO - HTTP Request: POST http://testserver/login "HTTP/1.1 303 See Other"
2026-10-08 00:48:25,779 - app.main - INFO - User logged out
2026-10-08 00:48:25,781 - httpx - INFO - HTTP Request: GET http://testserver/logout "HTTP/1.1 307 Temporary Redirect"
2026-10-08 00:48:25,788 - httpx - INFO - HTTP Request: GET http://testserver/dashboard "HTTP/1.1 307 Temporary Redirect"
2026-10-08 00:48:25,954 - apscheduler.scheduler - INFO - Scheduler has been shut down
2026-10-08 00:48:25,955 - app.scheduler - INFO - Scheduler shutdown successfully
2026-10-08 00:48:25,958 - slowapi - INFO - Storage has been reset and all limits cleared
2026-10-08 00:48:26,936 - slowapi - INFO - Storage has been reset and all limits cleared
2026-10-08 00:48:27,073 - apscheduler.scheduler - INFO - Adding job tentatively -- it will be properly scheduled when the scheduler starts
2026-10-08 00:48:27,073 - apscheduler.scheduler - INFO - Added job "Daily Document Check" to job store "default"
2026-10-08 00:48:27,073 - apscheduler.scheduler - INFO - Scheduler started
2026-10-08 00:48:27,080 - app.scheduler - INFO - Scheduler started successfully. Daily check scheduled for 9:00 AM.
2026-10-08 00:48:27,247 - httpx - INFO - HTTP Request: GET http://testserver/dashboard "HTTP/1.1 307 Temporary Redirect"
2026-10-08 00:48:27,388 - apscheduler.scheduler - INFO - Scheduler has been shut down
2026-10-08 00:48:27,390 - app.scheduler - INFO - Scheduler shutdown successfully
2026-10-08 00:48:27,393 - slowapi - INFO - Storage has been reset and all limits cleared
2026-10-08 00:48:28,758 - slowapi - INFO - Storage has been reset and all limits cleared
2026-10-08 00:48:28,795 - apscheduler.scheduler - INFO - Adding job tentatively -- it will be properly scheduled when the scheduler starts
2026-10-08 00:48:28,795 - apscheduler.scheduler - INFO - Added job "Daily Document Check" to job store "default"
2026-10-08 00:48:28,795 - apscheduler.scheduler - INFO - Scheduler started
2026-10-08 00:48:28,921 - app.scheduler - INFO - Scheduler started successfully. Daily check scheduled for 9:00 AM.
2026-10-08 00:48:32,270 - app.main - INFO - Successful login for admin@example.com
2026-10-08 00:48:32,286 - httpx - INFO - HTTP Request: POST http://testserver/login "HTTP/1.1 303 See Other"
2026-10-08 00:48:32,583 - httpx - INFO - HTTP Request: GET http://testserver/admin/data-deletion "HTTP/1.1 200 OK"
2026-10-08 00:48:32,670 - apscheduler.scheduler - INFO - Scheduler has been shut down
2026-10-08 00:48:32,671 - app.scheduler - INFO - Scheduler shutdown successfully
2026-10-08 00:48:32,672 - slowapi - INFO - Storage has been reset and all limits cleared
2026-10-08 00:48:33,678 - slowapi - INFO - Storage has been reset and all limits cleared
2026-10-08 00:48:33,687 - apscheduler.scheduler - INFO - Adding job tentatively -- it will be properly scheduled when the scheduler starts
2026-10-08 00:48:33,687 - apscheduler.scheduler - INFO - Added job "Daily Document Check" to job store "default"
2026-10-08 00:48:33,687 - apscheduler.scheduler - INFO - Scheduler started
2026-10-08 00:48:33,808 - app.scheduler - INFO - Scheduler started successfully. Daily check scheduled for 9:00 AM.
2026-10-08 00:48:36,688 - app.main - INFO - Successful login for staff@example.com
2026-10-08 00:48:36,720 - httpx - INFO - HTTP Request: POST http://testserver/login "HTTP/1.1 303 See Other"
2026-10-08 00:48:36,733 - httpx - INFO - HTTP Request: GET http://testserver/admin/data-deletion "HTTP/1.1 200 OK"
2026-10-08 00:48:36,737 - apscheduler.scheduler - INFO - Scheduler has been shut down
2026-10-08 00:48:36,737 - app.scheduler - INFO - Scheduler shutdown successfully
2026-10-08 00:48:36,740 - slowapi - INFO - Storage has been reset and all limits cleared
2026-10-08 00:48:40,349 - slowapi - INFO - Storage has been reset and all limits cleared
2026-10-08 00:48:40,983 - apscheduler.scheduler - INFO - Adding job tentatively -- it will be properly scheduled when the scheduler starts
2026-10-08 00:48:40,984 - apscheduler.scheduler - INFO - Added job "Daily Document Check" to job store "default"
2026-10-08 00:48:40,984 - apscheduler.scheduler - INFO - Scheduler started
2026-10-08 00:48:41,233 - app.scheduler - INFO - Scheduler started successfully. Daily check scheduled for 9:00 AM.
2026-10-08 00:48:44,905 - app.main - INFO - Successful login for admin@example.com
2026-10-08 00:48:44,906 - httpx - INFO - HTTP Request: POST http://testserver/login "HTTP/1.1 303 See Other"
2026-10-08 00:48:45,113 - httpx - INFO - HTTP Request: POST http://testserver/admin/delete-customer "HTTP/1.1 200 OK"
2026-10-08 00:48:45,159 - apscheduler.scheduler - INFO - Scheduler has been shut down
2026-10-08 00:48:45,161 - app.scheduler - INFO - Scheduler shutdown successfully
2026-10-08 00:48:45,164 - slowapi - INFO - Storage has been reset and all limits cleared
2026-10-08 00:48:46,430 - slowapi - INFO - Storage has been reset and all limits cleared
2026-10-08 00:48:46,445 - apscheduler.scheduler - INFO - Adding job tentatively -- it will be properly scheduled when the scheduler starts
2026-10-08 00:48:46,446 - apscheduler.scheduler - INFO - Added job "Daily Document Check" to job store "default"
2026-10-08 00:48:46,446 - apscheduler.scheduler - INFO - Scheduler started
2026-10-08 00:48:46,449 - app.scheduler - INFO - Scheduler started successfully. Daily check scheduled for 9:00 AM.
2026-10-08 00:48:49,420 - app.main - INFO - Successful login for admin@example.com
2026-10-08 00:48:49,423 - httpx - INFO - HTTP Request: POST http://testserver/login "HTTP/1.1 303 See Other"
2026-10-08 00:48:55,874 - app.main - INFO - Deleted R2 file: test/key
2026-10-08 00:48:55,906 - app.main - WARNING - Customer Test Customer (ID: 1) and all associated data permanently deleted by admin@example.com
2026-10-08 00:48:55,917 - httpx - INFO - HTTP Request: POST http://testserver/admin/delete-customer "HTTP/1.1 200 OK"
2026-10-08 00:48:55,930 - apscheduler.scheduler - INFO - Scheduler has been shut down
2026-10-08 00:48:55,931 - app.scheduler - INFO - Scheduler shutdown successfully
2026-10-08 00:48:55,934 - slowapi - INFO - Storage has been reset and all limits cleared
2026-10-08 00:48:56,914 - slowapi - INFO - Storage has been reset and all limits cleared
2026-10-08 00:48:57,296 - apscheduler.scheduler - INFO - Adding job tentatively -- it will be properly scheduled when the scheduler starts
2026-10-08 00:48:57,299 - apscheduler.scheduler - INFO - Added job "Daily Document Check" to job store "default"
2026-10-08 00:48:57,299 - apscheduler.scheduler - INFO - Scheduler started
2026-10-08 00:48:57,321 - app.scheduler - INFO - Scheduler started successfully. Daily check scheduled for 9:00 AM.
2026-10-08 00:48:59,805 - app.main - INFO - Successful login for admin@example.com
2026-10-08 00:48:59,806 - httpx - INFO - HTTP Request: POST http://testserver/login "HTTP/1.1 303 See Other"
2026-10-08 00:49:00,152 - app.main - INFO - Deleted R2 file: test/key
2026-10-08 00:49:00,226 - app.main - WARNING - Customer Test Customer (ID: 1) and all associated data permanently deleted by admin@example.com
2026-10-08 00:49:00,230 - httpx - INFO - HTTP Request: POST http://testserver/admin/delete-customer "HTTP/1.1 200 OK"
2026-10-08 00:49:00,341 - apscheduler.scheduler - INFO - Scheduler has been shut down
2026-10-08 00:49:00,342 - app.scheduler - INFO - Scheduler shutdown successfully
2026-10-08 00:49:00,362 - slowapi - INFO - Storage has been reset and all limits cleared
2026-10-08 00:49:01,430 - slowapi - INFO - Storage has been reset and all limits cleared
2026-10-08 00:49:01,441 - apscheduler.scheduler - INFO - Adding job tentatively -- it will be properly scheduled when the scheduler starts
2026-10-08 00:49:01,441 - apscheduler.scheduler - INFO - Added job "Daily Document Check" to job store "default"
2026-10-08 00:49:01,442 - apscheduler.scheduler - INFO - Scheduler started
2026-10-08 00:49:01,533 - app.scheduler - INFO - Scheduler started successfully. Daily check scheduled for 9:00 AM.
2026-10-08 00:49:03,523 - app.main - INFO - Successful login for admin@example.com
2026-10-08 00:49:03,541 - httpx - INFO - HTTP Request: POST http://testserver/login "HTTP/1.1 303 See Other"
2026-10-08 00:49:03,610 - httpx - INFO - HTTP Request: POST http://testserver/admin/delete-customer "HTTP/1.1 200 OK"
2026-10-08 00:49:03,618 - apscheduler.scheduler - INFO - Scheduler has been shut down
2026-10-08 00:49:03,618 - app.scheduler - INFO - Scheduler shutdown successfully
2026-10-08 00:49:03,621 - slowapi - INFO - Storage has been reset and all limits cleared
2026-10-08 00:49:04,236 - slowapi - INFO - Storage has been reset and all limits cleared
2026-10-08 00:49:04,250 - apscheduler.scheduler - INFO - Adding job tentatively -- it will be properly scheduled when the scheduler starts
2026-10-08 00:49:04,251 - apscheduler.scheduler - INFO - Added job "Daily Document Check" to job store "default"
2026-10-08 00:49:04,251 - apscheduler.scheduler - INFO - Scheduler started
2026-10-08 00:49:04,258 - app.scheduler - INFO - Scheduler started successfully. Daily check scheduled for 9:00 AM.
2026-10-08 00:49:05,672 - app.main - INFO - Successful login for admin@example.com
2026-10-08 00:49:05,674 - httpx - INFO - HTTP Request: POST http://testserver/login "HTTP/1.1 303 See Other"
2026-10-08 00:49:05,690 - httpx - INFO - HTTP Request: POST http://testserver/admin/delete-customer "HTTP/1.1 200 OK"
2026-10-08 00:49:05,694 - apscheduler.scheduler - INFO - Scheduler has been shut down
2026-10-08 00:49:05,695 - app.scheduler - INFO - Scheduler shutdown successfully
2026-10-08 00:49:05,696 - slowapi - INFO - Storage has been reset and all limits cleared
2026-10-08 00:49:06,432 - slowapi - INFO - Storage has been reset and all limits cleared
2026-10-08 00:49:06,646 - apscheduler.scheduler - INFO - Adding job tentatively -- it will be properly scheduled when the scheduler starts
2026-10-08 00:49:06,646 - apscheduler.scheduler - INFO - Added job "Daily Document Check" to job store "default"
2026-10-08 00:49:06,647 - apscheduler.scheduler - INFO - Scheduler started
2026-10-08 00:49:06,650 - app.scheduler - INFO - Scheduler started successfully. Daily check scheduled for 9:00 AM.
2026-10-08 00:49:08,562 - app.main - INFO - Successful login for test@example.com
2026-10-08 00:49:08,565 - httpx - INFO - HTTP Request: POST http://testserver/login "HTTP/1.1 303 See Other"
2026-10-08 00:49:08,738 - httpx - INFO - HTTP Request: POST http://testserver/new-case "HTTP/1.1 303 See Other"
2026-10-08 00:49:08,805 - apscheduler.scheduler - INFO - Scheduler has been shut down
2026-10-08 00:49:08,806 - app.scheduler - INFO - Scheduler shutdown successfully
2026-10-08 00:49:08,808 - slowapi - INFO - Storage has been reset and all limits cleared
2026-10-08 00:49:11,795 - slowapi - INFO - Storage has been reset and all limits cleared
2026-10-08 00:49:11,884 - apscheduler.scheduler - INFO - Adding job tentatively -- it will be properly scheduled when the scheduler starts
2026-10-08 00:49:11,888 - apscheduler.scheduler - INFO - Added job "Daily Document Check" to job store "default"
2026-10-08 00:49:11,888 - apscheduler.scheduler - INFO - Scheduler started
2026-10-08 00:49:11,893 - app.scheduler - INFO - Scheduler started successfully. Daily check scheduled for 9:00 AM.
2026-10-08 00:49:13,782 - app.main - INFO - Successful login for test@example.com
2026-10-08 00:49:13,811 - httpx - INFO - HTTP Request: POST http://testserver/login "HTTP/1.1 303 See Other"
2026-10-08 00:49:13,886 - httpx - INFO - HTTP Request: POST http://testserver/new-case "HTTP/1.1 303 See Other"
2026-10-08 00:49:14,033 - apscheduler.scheduler - INFO - Scheduler has been shut down
2026-10-08 00:49:14,035 - app.scheduler - INFO - Scheduler shutdown successfully
2026-10-08 00:49:14,056 - slowapi - INFO - Storage has been reset and all limits cleared
2026-10-08 00:49:16,492 - slowapi - INFO - Storage has been reset and all limits cleared
2026-10-08 00:49:16,640 - apscheduler.scheduler - INFO - Adding job tentatively -- it will be properly scheduled when the scheduler starts
2026-10-08 00:49:16,642 - apscheduler.scheduler - INFO - Added job "Daily Document Check" to job store "default"
2026-10-08 00:49:16,642 - apscheduler.scheduler - INFO - Scheduler started
2026-10-08 00:49:16,646 - app.scheduler - INFO - Scheduler started successfully. Daily check scheduled for 9:00 AM.
2026-10-08 00:49:18,254 - app.main - INFO - Successful login for staff_a@example.com
2026-10-08 00:49:18,256 - httpx - INFO - HTTP Request: POST http://testserver/login "HTTP/1.1 303 See Other"
2026-10-08 00:49:18,320 - httpx - INFO - HTTP Request: GET http://testserver/new-case "HTTP/1.1 200 OK"
2026-10-08 00:49:18,324 - apscheduler.scheduler - INFO - Scheduler has been shut down
2026-10-08 00:49:18,324 - app.scheduler - INFO - Scheduler shutdown successfully
2026-10-08 00:49:18,326 - slowapi - INFO - Storage has been reset and all limits cleared
2026-10-08 00:49:19,225 - slowapi - INFO - Storage has been reset and all limits cleared
2026-10-08 00:49:19,335 - apscheduler.scheduler - INFO - Adding job tentatively -- it will be properly scheduled when the scheduler starts
2026-10-08 00:49:19,340 - apscheduler.scheduler - INFO - Added job "Daily Document Check" to job store "default"
2026-10-08 00:49:19,340 - apscheduler.scheduler - INFO - Scheduler started
2026-10-08 00:49:19,451 - app.scheduler - INFO - Scheduler started successfully. Daily check scheduled for 9:00 AM.
2026-10-08 00:49:20,973 - app.main - INFO - Successful login for staff_a@example.com
2026-10-08 00:49:20,976 - httpx - INFO - HTTP Request: POST http://testserver/login "HTTP/1.1 303 See Other"
2026-10-08 00:49:21,195 - httpx - INFO - HTTP Request: GET http://testserver/case/1 "HTTP/1.1 200 OK"
2026-10-08 00:49:21,202 - apscheduler.scheduler - INFO - Scheduler has been shut down
2026-10-08 00:49:21,203 - app.scheduler - INFO - Scheduler shutdown successfully
2026-10-08 00:49:21,206 - slowapi - INFO - Storage has been reset and all limits cleared
2026-10-08 00:49:22,356 - slowapi - INFO - Storage has been reset and all limits cleared
2026-10-08 00:49:22,462 - apscheduler.scheduler - INFO - Adding job tentatively -- it will be properly scheduled when the scheduler starts
2026-10-08 00:49:22,462 - apscheduler.scheduler - INFO - Added job "Daily Document Check" to job store "default"
2026-10-08 00:49:22,462 - apscheduler.scheduler - INFO - Scheduler started
2026-10-08 00:49:22,468 - app.scheduler - INFO - Scheduler started successfully. Daily check scheduled for 9:00 AM.
2026-10-08 00:49:23,842 - app.main - INFO - Successful login for staff_a@example.com
2026-10-08 00:49:23,845 - httpx - INFO - HTTP Request: POST http://testserver/login "HTTP/1.1 303 See Other"
2026-10-08 00:49:23,870 - httpx - INFO - HTTP Request: POST http://testserver/new-case "HTTP/1.1 200 OK"
2026-10-08 00:49:23,874 - apscheduler.scheduler - INFO - Scheduler has been shut down
2026-10-08 00:49:23,874 - app.scheduler - INFO - Scheduler shutdown successfully
2026-10-08 00:49:23,877 - slowapi - INFO - Storage has been reset and all limits cleared
2026-10-08 00:49:24,719 - slowapi - INFO - Storage has been reset and all limits cleared
2026-10-08 00:49:24,837 - apscheduler.scheduler - INFO - Adding job tentatively -- it will be properly scheduled when the scheduler starts
2026-10-08 00:49:24,838 - apscheduler.scheduler - INFO - Added job "Daily Document Check" to job store "default"
2026-10-08 00:49:24,842 - apscheduler.scheduler - INFO - Scheduler started
2026-10-08 00:49:25,019 - app.scheduler - INFO - Scheduler started successfully. Daily check scheduled for 9:00 AM.
2026-10-08 00:49:26,477 - app.main - INFO - Successful login for staff_a@example.com
2026-10-08 00:49:26,480 - httpx - INFO - HTTP Request: POST http://testserver/login "HTTP/1.1 303 See Other"
2026-10-08 00:49:26,700 - httpx - INFO - HTTP Request: POST http://testserver/case/1/upload "HTTP/1.1 200 OK"
2026-10-08 00:49:26,705 - apscheduler.scheduler - INFO - Scheduler has been shut down
2026-10-08 00:49:26,705 - app.scheduler - INFO - Scheduler shutdown successfully
2026-10-08 00:49:26,708 - slowapi - INFO - Storage has been reset and all limits cleared
2026-10-08 00:49:27,614 - slowapi - INFO - Storage has been reset and all limits cleared
2026-10-08 00:49:27,623 - apscheduler.scheduler - INFO - Adding job tentatively -- it will be properly scheduled when the scheduler starts
2026-10-08 00:49:27,623 - apscheduler.scheduler - INFO - Added job "Daily Document Check" to job store "default"
2026-10-08 00:49:27,624 - apscheduler.scheduler - INFO - Scheduler started
2026-10-08 00:49:27,627 - app.scheduler - INFO - Scheduler started successfully. Daily check scheduled for 9:00 AM.
2026-10-08 00:49:29,122 - app.main - INFO - Successful login for staff_a@example.com
2026-10-08 00:49:29,124 - httpx - INFO - HTTP Request: POST http://testserver/login "HTTP/1.1 303 See Other"
2026-10-08 00:49:29,189 - app.core.exceptions - WARNING - HTTP Exception: 404 - Document not found
2026-10-08 00:49:29,190 - httpx - INFO - HTTP Request: GET http://testserver/documents/1/download "HTTP/1.1 404 Not Found"
2026-10-08 00:49:29,194 - apscheduler.scheduler - INFO - Scheduler has been shut down
2026-10-08 00:49:29,195 - app.scheduler - INFO - Scheduler shutdown successfully
2026-10-08 00:49:29,196 - slowapi - INFO - Storage has been reset and all limits cleared
2026-10-08 00:49:30,055 - slowapi - INFO - Storage has been reset and all limits cleared
2026-10-08 00:49:30,142 - apscheduler.scheduler - INFO - Adding job tentatively -- it will be properly scheduled when the scheduler starts
2026-10-08 00:49:30,152 - apscheduler.scheduler - INFO - Added job "Daily Document Check" to job store "default"
2026-10-08 00:49:30,152 - apscheduler.scheduler - INFO - Scheduler started
2026-10-08 00:49:30,164 - app.scheduler - INFO - Scheduler started successfully. Daily check scheduled for 9:00 AM.
2026-10-08 00:49:31,663 - app.main - INFO - Successful login for staff_a@example.com
2026-10-08 00:49:31,665 - httpx - INFO - HTTP Request: POST http://testserver/login "HTTP/1.1 303 See Other"
2026-10-08 00:49:31,749 - httpx - INFO - HTTP Request: GET http://testserver/dashboard "HTTP/1.1 200 OK"
2026-10-08 00:49:31,753 - apscheduler.scheduler - INFO - Scheduler has been shut down
2026-10-08 00:49:31,753 - app.scheduler - INFO - Scheduler shutdown successfully
2026-10-08 00:49:31,755 - slowapi - INFO - Storage has been reset and all limits cleared
2026-10-08 00:49:32,473 - slowapi - INFO - Storage has been reset and all limits cleared
2026-10-08 00:49:32,579 - apscheduler.scheduler - INFO - Adding job tentatively -- it will be properly scheduled when the scheduler starts
2026-10-08 00:49:32,579 - apscheduler.scheduler - INFO - Added job "Daily Document Check" to job store "default"
2026-10-08 00:49:32,579 - apscheduler.scheduler - INFO - Scheduler started
2026-10-08 00:49:32,589 - app.scheduler - INFO - Scheduler started successfully. Daily check scheduled for 9:00 AM.
2026-10-08 00:49:34,287 - app.main - INFO - Successful login for staff_a@example.com
2026-10-08 00:49:34,289 - httpx - INFO - HTTP Request: POST http://testserver/login "HTTP/1.1 303 See Other"
2026-10-08 00:49:34,338 - httpx - INFO - HTTP Request: GET http://testserver/analytics/case-volume "HTTP/1.1 200 OK"
2026-10-08 00:49:34,341 - apscheduler.scheduler - INFO - Scheduler has been shut down
2026-10-08 00:49:34,341 - app.scheduler - INFO - Scheduler shutdown successfully
2026-10-08 00:49:34,343 - slowapi - INFO - Storage has been reset and all limits cleared
2026-10-08 00:49:35,203 - slowapi - INFO - Storage has been reset and all limits cleared
2026-10-08 00:49:35,335 - apscheduler.scheduler - INFO - Adding job tentatively -- it will be properly scheduled when the scheduler starts
2026-10-08 00:49:35,337 - apscheduler.scheduler - INFO - Added job "Daily Document Check" to job store "default"
2026-10-08 00:49:35,337 - apscheduler.scheduler - INFO - Scheduler started
2026-10-08 00:49:35,461 - app.scheduler - INFO - Scheduler started successfully. Daily check scheduled for 9:00 AM.
2026-10-08 00:49:37,144 - app.main - INFO - Successful login for staff_a@example.com
2026-10-08 00:49:37,164 - httpx - INFO - HTTP Request: POST http://testserver/login "HTTP/1.1 303 See Other"
2026-10-08 00:49:37,344 - httpx - INFO - HTTP Request: POST http://testserver/reminders/1/approve "HTTP/1.1 307 Temporary Redirect"
2026-10-08 00:49:37,447 - apscheduler.scheduler - INFO - Scheduler has been shut down
2026-10-08 00:49:37,448 - app.scheduler - INFO - Scheduler shutdown successfully
2026-10-08 00:49:37,452 - slowapi - INFO - Storage has been reset and all limits cleared
2026-10-08 00:49:39,702 - slowapi - INFO - Storage has been reset and all limits cleared
2026-10-08 00:49:40,175 - apscheduler.scheduler - INFO - Adding job tentatively -- it will be properly scheduled when the scheduler starts
2026-10-08 00:49:40,175 - apscheduler.scheduler - INFO - Added job "Daily Document Check" to job store "default"
2026-10-08 00:49:40,176 - apscheduler.scheduler - INFO - Scheduler started
2026-10-08 00:49:40,182 - app.scheduler - INFO - Scheduler started successfully. Daily check scheduled for 9:00 AM.
2026-10-08 00:49:40,296 - httpx - INFO - HTTP Request: GET http://testserver/forgot-password "HTTP/1.1 200 OK"
2026-10-08 00:49:40,482 - apscheduler.scheduler - INFO - Scheduler has been shut down
2026-10-08 00:49:40,483 - app.scheduler - INFO - Scheduler shutdown successfully
2026-10-08 00:49:40,487 - slowapi - INFO - Storage has been reset and all limits cleared
2026-10-08 00:49:41,212 - slowapi - INFO - Storage has been reset and all limits cleared
2026-10-08 00:49:41,219 - apscheduler.scheduler - INFO - Adding job tentatively -- it will be properly scheduled when the scheduler starts
2026-10-08 00:49:41,232 - apscheduler.scheduler - INFO - Added job "Daily Document Check" to job store "default"
2026-10-08 00:49:41,233 - apscheduler.scheduler - INFO - Scheduler started
2026-10-08 00:49:41,266 - app.scheduler - INFO - Scheduler started successfully. Daily check scheduled for 9:00 AM.
2026-10-08 00:49:43,424 - app.main - ERROR - Failed to send password reset email: API key is invalid
2026-10-08 00:49:43,427 - httpx - INFO - HTTP Request: POST http://testserver/forgot-password "HTTP/1.1 200 OK"
2026-10-08 00:49:43,431 - apscheduler.scheduler - INFO - Scheduler has been shut down
2026-10-08 00:49:43,432 - app.scheduler - INFO - Scheduler shutdown successfully
2026-10-08 00:49:43,434 - slowapi - INFO - Storage has been reset and all limits cleared
2026-10-08 00:49:44,843 - slowapi - INFO - Storage has been reset and all limits cleared
2026-10-08 00:49:44,861 - apscheduler.scheduler - INFO - Adding job tentatively -- it will be properly scheduled when the scheduler starts
2026-10-08 00:49:44,861 - apscheduler.scheduler - INFO - Added job "Daily Document Check" to job store "default"
2026-10-08 00:49:44,863 - apscheduler.scheduler - INFO - Scheduler started
2026-10-08 00:49:44,869 - app.scheduler - INFO - Scheduler started successfully. Daily check scheduled for 9:00 AM.
2026-10-08 00:49:45,027 - httpx - INFO - HTTP Request: POST http://testserver/forgot-password "HTTP/1.1 200 OK"
2026-10-08 00:49:45,157 - apscheduler.scheduler - INFO - Scheduler has been shut down
2026-10-08 00:49:45,159 - app.scheduler - INFO - Scheduler shutdown successfully
2026-10-08 00:49:45,163 - slowapi - INFO - Storage has been reset and all limits cleared
2026-10-08 00:49:46,214 - slowapi - INFO - Storage has been reset and all limits cleared
2026-10-08 00:49:46,235 - apscheduler.scheduler - INFO - Adding job tentatively -- it will be properly scheduled when the scheduler starts
2026-10-08 00:49:46,235 - apscheduler.scheduler - INFO - Added job "Daily Document Check" to job store "default"
2026-10-08 00:49:46,235 - apscheduler.scheduler - INFO - Scheduler started
2026-10-08 00:49:46,243 - app.scheduler - INFO - Scheduler started successfully. Daily check scheduled for 9:00 AM.
2026-10-08 00:49:48,176 - app.main - INFO - Password reset successful for test@example.com
2026-10-08 00:49:48,178 - httpx - INFO - HTTP Request: POST http://testserver/reset-password "HTTP/1.1 200 OK"
2026-10-08 00:49:48,674 - apscheduler.scheduler - INFO - Scheduler has been shut down
2026-10-08 00:49:48,675 - app.scheduler - INFO - Scheduler shutdown successfully
2026-10-08 00:49:48,676 - slowapi - INFO - Storage has been reset and all limits cleared
2026-10-08 00:49:49,414 - slowapi - INFO - Storage has been reset and all limits cleared
2026-10-08 00:49:49,433 - apscheduler.scheduler - INFO - Adding job tentatively -- it will be properly scheduled when the scheduler starts
2026-10-08 00:49:49,433 - apscheduler.scheduler - INFO - Added job "Daily Document Check" to job store "default"
2026-10-08 00:49:49,433 - apscheduler.scheduler - INFO - Scheduler started
2026-10-08 00:49:49,436 - app.scheduler - INFO - Scheduler started successfully. Daily check scheduled for 9:00 AM.
2026-10-08 00:49:51,277 - httpx - INFO - HTTP Request: POST http://testserver/reset-password "HTTP/1.1 200 OK"
2026-10-08 00:49:51,283 - apscheduler.scheduler - INFO - Scheduler has been shut down
2026-10-08 00:49:51,283 - app.scheduler - INFO - Scheduler shutdown successfully
2026-10-08 00:49:51,286 - slowapi - INFO - Storage has been reset and all limits cleared
2026-10-08 00:49:52,520 - slowapi - INFO - Storage has been reset and all limits cleared
2026-10-08 00:49:52,547 - apscheduler.scheduler - INFO - Adding job tentatively -- it will be properly scheduled when the scheduler starts
2026-10-08 00:49:52,547 - apscheduler.scheduler - INFO - Added job "Daily Document Check" to job store "default"
2026-10-08 00:49:52,547 - apscheduler.scheduler - INFO - Scheduler started
2026-10-08 00:49:52,552 - app.scheduler - INFO - Scheduler started successfully. Daily check scheduled for 9:00 AM.
2026-10-08 00:49:53,732 - httpx - INFO - HTTP Request: POST http://testserver/reset-password "HTTP/1.1 200 OK"
2026-10-08 00:49:53,737 - apscheduler.scheduler - INFO - Scheduler has been shut down
2026-10-08 00:49:53,737 - app.scheduler - INFO - Scheduler shutdown successfully
2026-10-08 00:49:53,738 - slowapi - INFO - Storage has been reset and all limits cleared
2026-10-08 00:49:54,316 - slowapi - INFO - Storage has been reset and all limits cleared
2026-10-08 00:49:54,321 - apscheduler.scheduler - INFO - Adding job tentatively -- it will be properly scheduled when the scheduler starts
2026-10-08 00:49:54,322 - apscheduler.scheduler - INFO - Added job "Daily Document Check" to job store "default"
2026-10-08 00:49:54,322 - apscheduler.scheduler - INFO - Scheduler started
2026-10-08 00:49:54,324 - app.scheduler - INFO - Scheduler started successfully. Daily check scheduled for 9:00 AM.
2026-10-08 00:49:55,839 - app.main - INFO - Password reset successful for test@example.com
2026-10-08 00:49:55,840 - httpx - INFO - HTTP Request: POST http://testserver/reset-password "HTTP/1.1 200 OK"
2026-10-08 00:49:56,340 - app.main - INFO - Successful login for test@example.com
2026-10-08 00:49:56,342 - httpx - INFO - HTTP Request: POST http://testserver/login "HTTP/1.1 303 See Other"
2026-10-08 00:49:56,345 - apscheduler.scheduler - INFO - Scheduler has been shut down
2026-10-08 00:49:56,347 - app.scheduler - INFO - Scheduler shutdown successfully
2026-10-08 00:49:56,349 - slowapi - INFO - Storage has been reset and all limits cleared
2026-10-08 00:49:56,968 - slowapi - INFO - Storage has been reset and all limits cleared
2026-10-08 00:49:57,019 - apscheduler.scheduler - INFO - Adding job tentatively -- it will be properly scheduled when the scheduler starts
2026-10-08 00:49:57,024 - apscheduler.scheduler - INFO - Added job "Daily Document Check" to job store "default"
2026-10-08 00:49:57,025 - apscheduler.scheduler - INFO - Scheduler started
2026-10-08 00:49:57,031 - app.scheduler - INFO - Scheduler started successfully. Daily check scheduled for 9:00 AM.
2026-10-08 00:49:57,202 - httpx - INFO - HTTP Request: GET http://testserver/status "HTTP/1.1 200 OK"
2026-10-08 00:49:57,207 - httpx - INFO - HTTP Request: GET http://testserver/status "HTTP/1.1 200 OK"
2026-10-08 00:49:57,213 - httpx - INFO - HTTP Request: GET http://testserver/status "HTTP/1.1 200 OK"
2026-10-08 00:49:57,234 - httpx - INFO - HTTP Request: GET http://testserver/status "HTTP/1.1 200 OK"
2026-10-08 00:49:57,282 - httpx - INFO - HTTP Request: GET http://testserver/status "HTTP/1.1 200 OK"
2026-10-08 00:49:57,481 - httpx - INFO - HTTP Request: GET http://testserver/status "HTTP/1.1 200 OK"
2026-10-08 00:49:57,483 - httpx - INFO - HTTP Request: GET http://testserver/status "HTTP/1.1 200 OK"
2026-10-08 00:49:57,497 - httpx - INFO - HTTP Request: GET http://testserver/status "HTTP/1.1 200 OK"
2026-10-08 00:49:57,498 - httpx - INFO - HTTP Request: GET http://testserver/status "HTTP/1.1 200 OK"
2026-10-08 00:49:57,505 - httpx - INFO - HTTP Request: GET http://testserver/status "HTTP/1.1 200 OK"
2026-10-08 00:49:57,517 - slowapi - WARNING - ratelimit 10 per 1 minute (testclient) exceeded at endpoint: /status
2026-10-08 00:49:57,609 - httpx - INFO - HTTP Request: GET http://testserver/status "HTTP/1.1 429 Too Many Requests"
2026-10-08 00:49:57,808 - apscheduler.scheduler - INFO - Scheduler has been shut down
2026-10-08 00:49:57,808 - app.scheduler - INFO - Scheduler shutdown successfully
2026-10-08 00:49:57,859 - slowapi - INFO - Storage has been reset and all limits cleared
2026-10-08 00:49:58,480 - slowapi - INFO - Storage has been reset and all limits cleared
2026-10-08 00:49:58,498 - apscheduler.scheduler - INFO - Adding job tentatively -- it will be properly scheduled when the scheduler starts
2026-10-08 00:49:58,499 - apscheduler.scheduler - INFO - Added job "Daily Document Check" to job store "default"
2026-10-08 00:49:58,500 - apscheduler.scheduler - INFO - Scheduler started
2026-10-08 00:49:58,541 - app.scheduler - INFO - Scheduler started successfully. Daily check scheduled for 9:00 AM.
2026-10-08 00:49:58,862 - httpx - INFO - HTTP Request: POST http://testserver/status "HTTP/1.1 200 OK"
2026-10-08 00:49:58,882 - httpx - INFO - HTTP Request: POST http://testserver/status "HTTP/1.1 200 OK"
2026-10-08 00:49:58,957 - httpx - INFO - HTTP Request: POST http://testserver/status "HTTP/1.1 200 OK"
2026-10-08 00:49:59,142 - httpx - INFO - HTTP Request: POST http://testserver/status "HTTP/1.1 200 OK"
2026-10-08 00:49:59,156 - httpx - INFO - HTTP Request: POST http://testserver/status "HTTP/1.1 200 OK"
2026-10-08 00:49:59,159 - slowapi - WARNING - ratelimit 5 per 1 minute (testclient) exceeded at endpoint: /status
2026-10-08 00:49:59,163 - httpx - INFO - HTTP Request: POST http://testserver/status "HTTP/1.1 429 Too Many Requests"
2026-10-08 00:49:59,273 - apscheduler.scheduler - INFO - Scheduler has been shut down
2026-10-08 00:49:59,274 - app.scheduler - INFO - Scheduler shutdown successfully
2026-10-08 00:49:59,276 - slowapi - INFO - Storage has been reset and all limits cleared
2026-10-08 00:50:00,459 - slowapi - INFO - Storage has been reset and all limits cleared
2026-10-08 00:50:00,472 - apscheduler.scheduler - INFO - Adding job tentatively -- it will be properly scheduled when the scheduler starts
2026-10-08 00:50:00,472 - apscheduler.scheduler - INFO - Added job "Daily Document Check" to job store "default"
2026-10-08 00:50:00,473 - apscheduler.scheduler - INFO - Scheduler started
2026-10-08 00:50:00,645 - app.scheduler - INFO - Scheduler started successfully. Daily check scheduled for 9:00 AM.
2026-10-08 00:50:02,424 - app.main - INFO - Successful login for test@example.com
2026-10-08 00:50:02,426 - httpx - INFO - HTTP Request: POST http://testserver/login "HTTP/1.1 303 See Other"
2026-10-08 00:50:02,431 - httpx - INFO - HTTP Request: GET http://testserver/status "HTTP/1.1 200 OK"
2026-10-08 00:50:02,434 - apscheduler.scheduler - INFO - Scheduler has been shut down
2026-10-08 00:50:02,434 - app.scheduler - INFO - Scheduler shutdown successfully
2026-10-08 00:50:02,436 - slowapi - INFO - Storage has been reset and all limits cleared
2026-10-08 00:56:57,107 - app.main - INFO - Successful login for admin@rto.com
2026-10-08 00:57:53,675 - app.main - INFO - Deleted R2 file: uploads\13e7d80b-48c1-435b-b3f9-3f4e5787b4b0.txt
2026-10-08 00:57:53,691 - app.main - ERROR - Error deleting customer 3: UPDATE statement on table 'events' expected to update 2 row(s); 0 were matched.
2026-10-08 00:57:58,403 - app.main - INFO - Deleted R2 file: uploads\13e7d80b-48c1-435b-b3f9-3f4e5787b4b0.txt
2026-10-08 00:57:58,407 - app.main - ERROR - Error deleting customer 3: UPDATE statement on table 'events' expected to update 2 row(s); 0 were matched.
2026-10-08 01:05:20,437 - app.main - INFO - User logged out
2026-10-08 01:05:25,028 - app.main - INFO - Successful login for admin@rto.com
2026-10-08 01:05:50,313 - app.main - INFO - User logged out
2026-10-08 01:11:00,813 - app.main - INFO - Successful login for admin@rto.com
2026-10-08 01:18:34,141 - apscheduler.scheduler - INFO - Scheduler has been shut down
2026-10-08 01:18:34,143 - app.scheduler - INFO - Scheduler shutdown successfully
2026-10-08 01:19:02,204 - apscheduler.scheduler - INFO - Adding job tentatively -- it will be properly scheduled when the scheduler starts
2026-10-08 01:19:02,204 - apscheduler.scheduler - INFO - Added job "Daily Document Check" to job store "default"
2026-10-08 01:19:02,204 - apscheduler.scheduler - INFO - Scheduler started
2026-10-08 01:19:02,205 - app.scheduler - INFO - Scheduler started successfully. Daily check scheduled for 9:00 AM.
2026-10-08 01:20:36,511 - apscheduler.scheduler - INFO - Scheduler has been shut down
2026-10-08 01:20:36,512 - app.scheduler - INFO - Scheduler shutdown successfully
